freq,unit,na_item,geo\TIME_PERIOD,2012,2013,2014,2015,2016,2017,2018,2019,2020,2021,2022,2023,2024,2025
A,CP_MEUR,B1GQ,AL,9578.6,9669.8,10018.0,10371.5,10922.7,11760.0,13019.2,13881.7,13430.2,15272.1,18075.0,21738.8,24995.3,27075.3
A,CP_MEUR,B1GQ,AT,316589.4,321191.7,330113.5,342083.5,355665.6,367294.9,383234.3,395706.8,380317.9,406231.5,449382.2,477837.3,494087.6,514328.1
A,CP_MEUR,B1GQ,BA,13407.5,13691.8,13988.3,14791.1,15474.3,16260.5,17354.2,18296.5,17755.9,20014.7,23324.1,25523.8,27483.1,28913.9
A,CP_MEUR,B1GQ,BE,387934.9,394616.3,404958.3,415538.0,428467.1,443407.2,459491.8,479444.9,463750.9,506047.2,561678.2,601866.5,619914.3,642015.3
A,CP_MEUR,B1GQ,BG,42254.6,42055.5,43024.0,45797.1,48751.4,52501.0,55999.7,61194.4,61855.6,71343.9,86078.2,94525.1,104767.2,116018.3
A,CP_MEUR,B1GQ,CH,542930.1,541150.6,559049.9,636419.8,631447.6,625926.6,627171.6,657857.6,663105.6,710646.0,815869.1,858396.6,896448.7,925874.8
A,CP_MEUR,B1GQ,CY,19495.4,18040.3,17482.8,17944.2,19013.8,20312.4,21807.8,23400.9,22373.6,25679.9,29645.4,32439.2,34770.2,36483.5
A,CP_MEUR,B1GQ,CZ,163759.4,160470.0,158991.5,170527.3,179145.9,196738.7,213505.4,229406.7,220310.6,246012.3,286976.8,319099.1,321231.1,347258.7
A,CP_MEUR,B1GQ,DE,2800680.0,2869480.0,2988470.0,3094190.0,3204870.0,3345860.0,3450580.0,3557630.0,3477670.0,3713090.0,4010630.0,4254930.0,4386940.0,4529710.0
A,CP_MEUR,B1GQ,DK,254300.7,259530.9,265635.7,272193.0,282265.1,294355.0,301017.3,308546.2,312118.3,343318.6,380567.4,373287.5,400267.4,417844.1
A,CP_MEUR,B1GQ,EE,18086.6,19163.2,20365.6,21010.9,22189.0,24316.1,26438.5,28472.1,27859.3,31453.3,36442.8,38157.9,39883.0,41874.8
A,CP_MEUR,B1GQ,EL,185899.2,178113.9,176071.8,175362.9,174448.2,177378.5,180615.7,185181.2,167539.5,184574.6,207008.7,224686.2,236736.0,248353.7
A,CP_MEUR,B1GQ,ES,1035964.0,1025652.0,1038949.0,1087112.0,1122967.0,1170024.0,1212276.0,1253710.0,1129214.0,1235474.0,1375863.0,1497761.0,1594330.0,1687152.0
A,CP_MEUR,B1GQ,FI,200378.0,203497.0,205855.0,210192.0,215717.0,224706.0,231905.0,238518.0,236387.0,248764.0,265669.0,272735.0,276151.0,281783.0
A,CP_MEUR,B1GQ,FR,2088286.7,2120351.9,2153733.1,2201401.6,2231819.2,2291680.5,2355362.8,2432206.8,2318276.2,2508102.3,2653997.2,2833826.4,2935236.2,2991055.9
A,CP_MEUR,B1GQ,HR,44867.7,44799.3,44280.7,45487.5,47573.5,50204.3,53035.3,55767.8,50717.8,58390.4,67609.4,79186.3,85905.2,92975.1
A,CP_MEUR,B1GQ,HU,99979.9,102210.9,106335.3,112854.0,116593.5,127222.5,136580.0,147373.2,138954.5,154971.7,168546.2,196983.7,206156.2,218833.9
A,CP_MEUR,B1GQ,IE,176519.0,182697.2,200397.6,272125.4,275805.5,308232.9,334940.2,363591.0,380700.9,448469.2,523248.2,520792.2,561940.5,602440.9
A,CP_MEUR,B1GQ,IS,11629.5,12222.7,13611.7,15960.5,19067.0,22211.8,22591.2,22315.1,19302.5,22188.1,27748.6,29284.5,30651.9,34157.4
A,CP_MEUR,B1GQ,IT,1632898.5,1621260.7,1635870.7,1663277.7,1704856.7,1744493.0,1777744.4,1804066.8,1670011.9,1842507.4,1998072.6,2142744.4,2202031.2,2258048.7
A,CP_MEUR,B1GQ,LI,,4812.4,5021.7,5649.1,5637.7,5734.6,5666.3,5750.1,5618.0,6688.5,7058.2,7617.8,8231.2,
A,CP_MEUR,B1GQ,LT,33240.4,34874.0,36410.1,37440.7,38820.7,42274.6,45947.4,49239.2,50264.6,56709.1,67081.1,74317.0,78996.2,84258.0
A,CP_MEUR,B1GQ,LU,46526.2,49094.5,51791.3,54142.3,56208.1,58168.8,60193.4,62415.0,64499.2,73039.5,76731.2,82115.5,86180.3,89521.5
A,CP_MEUR,B1GQ,LV,21270.9,21997.0,22790.5,23744.3,24498.2,26017.1,28153.4,29567.0,29224.3,32283.8,36088.7,39564.2,40652.3,43026.2
A,CP_MEUR,B1GQ,ME,3169.3,3329.6,3447.2,3615.0,3936.6,4252.5,4600.9,4898.4,4144.8,4923.2,5944.4,7068.8,7644.5,8170.7
A,CP_MEUR,B1GQ,MK,7584.8,8149.6,8562.0,9072.3,9656.5,10038.3,10744.0,11262.0,10851.7,11834.7,13243.2,14667.4,15672.0,16949.1
A,CP_MEUR,B1GQ,MT,7479.5,8129.4,8948.5,10221.4,10864.3,12535.7,13678.6,14594.2,14362.4,16703.0,18028.1,20914.5,23079.3,24664.0
A,CP_MEUR,B1GQ,NL,658232.0,665567.0,678627.0,699175.0,720175.0,750861.0,787273.0,829767.0,816463.0,891550.0,993820.0,1050133.0,1115252.0,1170579.0
A,CP_MEUR,B1GQ,NO,408646.0,406481.2,389086.7,361028.8,346542.3,368640.5,385198.6,378978.5,335661.0,440848.6,587476.0,464330.3,462846.4,470358.7
A,CP_MEUR,B1GQ,PL,387660.3,390177.0,408714.7,432485.8,427658.6,469071.2,503951.0,538423.5,531827.4,583001.4,661712.3,751931.7,852229.8,922865.5
A,CP_MEUR,B1GQ,PT,168538.8,170675.6,173186.7,179392.7,186380.7,195509.1,204997.6,214489.9,201032.7,216493.7,243957.1,270352.6,289784.3,306749.6
A,CP_MEUR,B1GQ,RO,139307.7,142936.0,150528.8,160289.0,167497.1,186399.2,204780.7,223341.4,219839.8,240986.6,280777.4,321577.9,353633.1,380058.1
A,CP_MEUR,B1GQ,RS,35074.4,37978.2,37014.0,37219.6,38164.7,40828.4,44710.6,48104.5,49024.2,55931.3,63512.8,75205.2,83257.9,88672.8
A,CP_MEUR,B1GQ,SE,427901.2,439805.4,435639.5,452337.2,463918.8,474838.2,465753.3,474202.9,478106.9,533953.6,547190.4,535176.8,563572.2,600390.8
A,CP_MEUR,B1GQ,SI,35933.6,36041.3,37270.9,38493.9,40013.2,42625.5,45462.4,48156.5,46738.7,52032.4,56901.5,64118.9,67477.8,71170.7
A,CP_MEUR,B1GQ,SK,73727.6,74642.7,76562.3,80376.3,81621.6,84960.4,90275.9,94547.5,94320.6,101891.6,109959.8,123538.7,130207.5,136754.3
