CNTR_ID,NAME_ENGL,tile
AL,Albania,h19v04
AL,Albania,h19v05
AL,Albania,h20v04
AL,Albania,h20v05
AT,Austria,h18v04
AT,Austria,h19v04
BA,Bosnia and Herzegovina,h19v04
BE,Belgium,h18v03
BE,Belgium,h18v04
BG,Bulgaria,h20v04
CH,Switzerland,h18v04
CH,Switzerland,h19v04
CY,Cyprus,h21v05
CZ,Czechia,h19v03
CZ,Czechia,h19v04
DE,Germany,h18v03
DE,Germany,h18v04
DE,Germany,h19v03
DE,Germany,h19v04
DK,Denmark,h18v03
DK,Denmark,h19v03
EE,Estonia,h20v03
EL,Greece,h19v05
EL,Greece,h20v04
EL,Greece,h20v05
ES,Spain,h16v06
ES,Spain,h17v04
ES,Spain,h17v05
ES,Spain,h18v04
ES,Spain,h18v05
FI,Finland,h19v02
FI,Finland,h19v03
FI,Finland,h20v01
FI,Finland,h20v02
FI,Finland,h20v03
FI,Finland,h21v02
FR,France,h11v07
FR,France,h12v08
FR,France,h17v04
FR,France,h18v03
FR,France,h18v04
FR,France,h22v10
FR,France,h23v11
HR,Croatia,h19v04
HU,Hungary,h19v04
HU,Hungary,h20v04
IE,Ireland,h16v03
IE,Ireland,h17v03
IS,Iceland,h15v02
IS,Iceland,h16v02
IT,Italy,h18v04
IT,Italy,h18v05
IT,Italy,h19v04
IT,Italy,h19v05
LI,Liechtenstein,h18v04
LT,Lithuania,h20v03
LU,Luxembourg,h18v03
LU,Luxembourg,h18v04
LV,Latvia,h20v03
ME,Montenegro,h19v04
ME,Montenegro,h20v04
MK,North Macedonia,h20v04
MT,Malta,h19v05
NL,Netherlands,h18v03
NO,Norway,h18v02
NO,Norway,h18v03
NO,Norway,h19v01
NO,Norway,h19v02
NO,Norway,h19v03
NO,Norway,h20v01
NO,Norway,h20v02
NO,Norway,h21v01
NO,Norway,h21v02
PL,Poland,h19v03
PL,Poland,h19v04
PL,Poland,h20v03
PL,Poland,h20v04
PT,Portugal,h14v05
PT,Portugal,h15v05
PT,Portugal,h16v05
PT,Portugal,h17v04
PT,Portugal,h17v05
RO,Romania,h20v04
RS,Serbia,h19v04
RS,Serbia,h20v04
SE,Sweden,h19v02
SE,Sweden,h19v03
SE,Sweden,h20v02
SI,Slovenia,h19v04
SK,Slovakia,h19v04
SK,Slovakia,h20v04
