year,tile,filename,size_bytes,download_url,md5,status
2012,h11v07,VNP46A4.A2012001.h11v07.002.2025086170125.h5,77836926,https://ladsweb.modaps.eosdis.nasa.gov/api/v2/content/archives/VNP46A4.A2012001.h11v07.002.2025086170125.h5,08cd6a3467ef6d88c7e1145aa9eb66c8,Online
2012,h12v08,VNP46A4.A2012001.h12v08.002.2025086170104.h5,75774997,https://ladsweb.modaps.eosdis.nasa.gov/api/v2/content/archives/VNP46A4.A2012001.h12v08.002.2025086170104.h5,443e8223d4b4dff96977584139d9202e,Online
2012,h14v05,VNP46A4.A2012001.h14v05.002.2025106001628.h5,70081173,https://ladsweb.modaps.eosdis.nasa.gov/api/v2/content/archives/VNP46A4.A2012001.h14v05.002.2025106001628.h5,007bfac8f07c2891e24ac323470a0cbe,Online
2012,h15v02,VNP46A4.A2012001.h15v02.002.2025086170141.h5,106434951,https://ladsweb.modaps.eosdis.nasa.gov/api/v2/content/archives/VNP46A4.A2012001.h15v02.002.2025086170141.h5,bc9113951e319a20cb182098f9b43b12,Online
2012,h15v05,VNP46A4.A2012001.h15v05.002.2025086170047.h5,70553269,https://ladsweb.modaps.eosdis.nasa.gov/api/v2/content/archives/VNP46A4.A2012001.h15v05.002.2025086170047.h5,baa55e76dc2f663ac74cf18bc9b8f169,Online
2012,h16v02,VNP46A4.A2012001.h16v02.002.2025086170030.h5,93652724,https://ladsweb.modaps.eosdis.nasa.gov/api/v2/content/archives/VNP46A4.A2012001.h16v02.002.2025086170030.h5,c6e632b5dd99bdd326077301657aeb61,Online
2012,h16v03,VNP46A4.A2012001.h16v03.002.2025086170110.h5,52944146,https://ladsweb.modaps.eosdis.nasa.gov/api/v2/content/archives/VNP46A4.A2012001.h16v03.002.2025086170110.h5,acb526f32235a05ab77c6fb70edfbe25,Online
2012,h16v05,VNP46A4.A2012001.h16v05.002.2025086170210.h5,70960401,https://ladsweb.modaps.eosdis.nasa.gov/api/v2/content/archives/VNP46A4.A2012001.h16v05.002.2025086170210.h5,18eda4d02fcd566c080d36c00bef8b98,Online
2012,h16v06,VNP46A4.A2012001.h16v06.002.2025086170406.h5,73299953,https://ladsweb.modaps.eosdis.nasa.gov/api/v2/content/archives/VNP46A4.A2012001.h16v06.002.2025086170406.h5,6719a48438f58c7c5bb4a4b1023d955c,Online
2012,h17v03,VNP46A4.A2012001.h17v03.002.2025086172409.h5,101820124,https://ladsweb.modaps.eosdis.nasa.gov/api/v2/content/archives/VNP46A4.A2012001.h17v03.002.2025086172409.h5,3de69779b51e14d2ccbcf9237b62039c,Online
2012,h17v04,VNP46A4.A2012001.h17v04.002.2025086173349.h5,94345703,https://ladsweb.modaps.eosdis.nasa.gov/api/v2/content/archives/VNP46A4.A2012001.h17v04.002.2025086173349.h5,72d231e3b73547ed2313a81563f838c5,Online
2012,h17v05,VNP46A4.A2012001.h17v05.002.2025086172138.h5,91613338,https://ladsweb.modaps.eosdis.nasa.gov/api/v2/content/archives/VNP46A4.A2012001.h17v05.002.2025086172138.h5,4319ed9c0a5a134ba66db7633bbdb6ca,Online
2012,h18v02,VNP46A4.A2012001.h18v02.002.2025086171210.h5,91505895,https://ladsweb.modaps.eosdis.nasa.gov/api/v2/content/archives/VNP46A4.A2012001.h18v02.002.2025086171210.h5,5a5b291b6ec6764fb6e5d10ab39d50d1,Online
2012,h18v03,VNP46A4.A2012001.h18v03.002.2025086171445.h5,114347170,https://ladsweb.modaps.eosdis.nasa.gov/api/v2/content/archives/VNP46A4.A2012001.h18v03.002.2025086171445.h5,b2e4bfac158405145cebcc0e10e295db,Online
2012,h18v04,VNP46A4.A2012001.h18v04.002.2025086171531.h5,140594258,https://ladsweb.modaps.eosdis.nasa.gov/api/v2/content/archives/VNP46A4.A2012001.h18v04.002.2025086171531.h5,93574c777da1d5bd1b7558c1bcf59f78,Online
2012,h18v05,VNP46A4.A2012001.h18v05.002.2025086171136.h5,84469801,https://ladsweb.modaps.eosdis.nasa.gov/api/v2/content/archives/VNP46A4.A2012001.h18v05.002.2025086171136.h5,231aa37a5949d0439a688913a75c011d,Online
2012,h19v01,VNP46A4.A2012001.h19v01.002.2025086171539.h5,93276086,https://ladsweb.modaps.eosdis.nasa.gov/api/v2/content/archives/VNP46A4.A2012001.h19v01.002.2025086171539.h5,6526bdbaee0ab559b8ddf1150ab9c989,Online
2012,h19v02,VNP46A4.A2012001.h19v02.002.2025086170925.h5,143165729,https://ladsweb.modaps.eosdis.nasa.gov/api/v2/content/archives/VNP46A4.A2012001.h19v02.002.2025086170925.h5,8fe824eef364986d6b48dd12892b8f71,Online
2012,h19v03,VNP46A4.A2012001.h19v03.002.2025086171336.h5,147335408,https://ladsweb.modaps.eosdis.nasa.gov/api/v2/content/archives/VNP46A4.A2012001.h19v03.002.2025086171336.h5,1607ce687348e936924020cd36c62a86,Online
2012,h19v04,VNP46A4.A2012001.h19v04.002.2025086172036.h5,158101727,https://ladsweb.modaps.eosdis.nasa.gov/api/v2/content/archives/VNP46A4.A2012001.h19v04.002.2025086172036.h5,89b68b3c999b1119b1518c2bdd479380,Online
2012,h19v05,VNP46A4.A2012001.h19v05.002.2025086172424.h5,79908432,https://ladsweb.modaps.eosdis.nasa.gov/api/v2/content/archives/VNP46A4.A2012001.h19v05.002.2025086172424.h5,bbd336d2a190b3ff288c0f1ebadf78db,Online
2012,h20v01,VNP46A4.A2012001.h20v01.002.2025086171723.h5,99692515,https://ladsweb.modaps.eosdis.nasa.gov/api/v2/content/archives/VNP46A4.A2012001.h20v01.002.2025086171723.h5,705480613ba43be0bdb890d70df28a7c,Online
2012,h20v02,VNP46A4.A2012001.h20v02.002.2025086172138.h5,173499189,https://ladsweb.modaps.eosdis.nasa.gov/api/v2/content/archives/VNP46A4.A2012001.h20v02.002.2025086172138.h5,8cacf7bf7f7eaaa250915b9be0476d7f,Online
2012,h20v03,VNP46A4.A2012001.h20v03.002.2025086172037.h5,151239771,https://ladsweb.modaps.eosdis.nasa.gov/api/v2/content/archives/VNP46A4.A2012001.h20v03.002.2025086172037.h5,57cea72d679b2af2503c7b60cff4bbf6,Online
2012,h20v04,VNP46A4.A2012001.h20v04.002.2025086172552.h5,164420661,https://ladsweb.modaps.eosdis.nasa.gov/api/v2/content/archives/VNP46A4.A2012001.h20v04.002.2025086172552.h5,f332d5e59c75070722ed5da7d01b9916,Online
2012,h20v05,VNP46A4.A2012001.h20v05.002.2025086172407.h5,91695989,https://ladsweb.modaps.eosdis.nasa.gov/api/v2/content/archives/VNP46A4.A2012001.h20v05.002.2025086172407.h5,3a1264f7b440fa5cc377c87a34994f86,Online
2012,h21v01,VNP46A4.A2012001.h21v01.002.2025086170916.h5,79424708,https://ladsweb.modaps.eosdis.nasa.gov/api/v2/content/archives/VNP46A4.A2012001.h21v01.002.2025086170916.h5,f65a466190389cb4ca1742db39d975de,Online
2012,h21v02,VNP46A4.A2012001.h21v02.002.2025086172451.h5,149102161,https://ladsweb.modaps.eosdis.nasa.gov/api/v2/content/archives/VNP46A4.A2012001.h21v02.002.2025086172451.h5,ef891f64c1283880d03cd33165d4fea3,Online
2012,h21v05,VNP46A4.A2012001.h21v05.002.2025086172811.h5,119895811,https://ladsweb.modaps.eosdis.nasa.gov/api/v2/content/archives/VNP46A4.A2012001.h21v05.002.2025086172811.h5,83f5b8fce7a4a2b36de3a9f4853e73c5,Online
2012,h22v10,VNP46A4.A2012001.h22v10.002.2025086173629.h5,73267958,https://ladsweb.modaps.eosdis.nasa.gov/api/v2/content/archives/VNP46A4.A2012001.h22v10.002.2025086173629.h5,12464658158580aa7b620fccc73e5ee5,Online
2012,h23v11,VNP46A4.A2012001.h23v11.002.2025086171759.h5,70824061,https://ladsweb.modaps.eosdis.nasa.gov/api/v2/content/archives/VNP46A4.A2012001.h23v11.002.2025086171759.h5,aceafb6ef474ce3703dddc59b3f6e327,Online
2013,h11v07,VNP46A4.A2013001.h11v07.002.2025087045408.h5,78083622,https://ladsweb.modaps.eosdis.nasa.gov/api/v2/content/archives/VNP46A4.A2013001.h11v07.002.2025087045408.h5,cbda8e7b1fc681bfdcab2365fb570165,Online
2013,h12v08,VNP46A4.A2013001.h12v08.002.2025087045044.h5,77424621,https://ladsweb.modaps.eosdis.nasa.gov/api/v2/content/archives/VNP46A4.A2013001.h12v08.002.2025087045044.h5,6e0b10678323a369d9dc5732724f6969,Online
2013,h14v05,VNP46A4.A2013001.h14v05.002.2025105045421.h5,70398223,https://ladsweb.modaps.eosdis.nasa.gov/api/v2/content/archives/VNP46A4.A2013001.h14v05.002.2025105045421.h5,f0b5f53c1356bb293c411df12f644155,Online
2013,h15v02,VNP46A4.A2013001.h15v02.002.2025088104111.h5,103858714,https://ladsweb.modaps.eosdis.nasa.gov/api/v2/content/archives/VNP46A4.A2013001.h15v02.002.2025088104111.h5,b4d7dd19dace013b180aa3ea9dcbef05,Online
2013,h15v05,VNP46A4.A2013001.h15v05.002.2025087045130.h5,70610769,https://ladsweb.modaps.eosdis.nasa.gov/api/v2/content/archives/VNP46A4.A2013001.h15v05.002.2025087045130.h5,0a7fdc4a2bd59797131676df6258261e,Online
2013,h16v02,VNP46A4.A2013001.h16v02.002.2025088104004.h5,88694069,https://ladsweb.modaps.eosdis.nasa.gov/api/v2/content/archives/VNP46A4.A2013001.h16v02.002.2025088104004.h5,b732ffe403635bfddc32ac983e411db2,Online
2013,h16v03,VNP46A4.A2013001.h16v03.002.2025087045151.h5,52748801,https://ladsweb.modaps.eosdis.nasa.gov/api/v2/content/archives/VNP46A4.A2013001.h16v03.002.2025087045151.h5,2d9ce3f1de582209e087b95b9c3f0306,Online
2013,h16v05,VNP46A4.A2013001.h16v05.002.2025087045216.h5,71102835,https://ladsweb.modaps.eosdis.nasa.gov/api/v2/content/archives/VNP46A4.A2013001.h16v05.002.2025087045216.h5,798b9b6186ea6feea759aaa2ced03783,Online
2013,h16v06,VNP46A4.A2013001.h16v06.002.2025087045159.h5,73012513,https://ladsweb.modaps.eosdis.nasa.gov/api/v2/content/archives/VNP46A4.A2013001.h16v06.002.2025087045159.h5,b111bedb7e207a90229817bf40ec5770,Online
2013,h17v03,VNP46A4.A2013001.h17v03.002.2025087045138.h5,103705998,https://ladsweb.modaps.eosdis.nasa.gov/api/v2/content/archives/VNP46A4.A2013001.h17v03.002.2025087045138.h5,2a7ca241fd01e993d25296fcaecbad66,Online
2013,h17v04,VNP46A4.A2013001.h17v04.002.2025087045114.h5,93347082,https://ladsweb.modaps.eosdis.nasa.gov/api/v2/content/archives/VNP46A4.A2013001.h17v04.002.2025087045114.h5,e9bfcd423a5ccd4a7a49d29fa179e82b,Online
2013,h17v05,VNP46A4.A2013001.h17v05.002.2025087045207.h5,89616139,https://ladsweb.modaps.eosdis.nasa.gov/api/v2/content/archives/VNP46A4.A2013001.h17v05.002.2025087045207.h5,39d4d7292a13fc1272ad3ee85a130243,Online
2013,h18v02,VNP46A4.A2013001.h18v02.002.2025088104007.h5,88494320,https://ladsweb.modaps.eosdis.nasa.gov/api/v2/content/archives/VNP46A4.A2013001.h18v02.002.2025088104007.h5,74d17371389b33281c90e431351a214d,Online
2013,h18v03,VNP46A4.A2013001.h18v03.002.2025087045138.h5,113465894,https://ladsweb.modaps.eosdis.nasa.gov/api/v2/content/archives/VNP46A4.A2013001.h18v03.002.2025087045138.h5,a7a646d3c23c67dc70ce1c7f642b399d,Online
2013,h18v04,VNP46A4.A2013001.h18v04.002.2025087045217.h5,133844130,https://ladsweb.modaps.eosdis.nasa.gov/api/v2/content/archives/VNP46A4.A2013001.h18v04.002.2025087045217.h5,382c9f5ac2cf44acb719b62fda7a911f,Online
2013,h18v05,VNP46A4.A2013001.h18v05.002.2025087045111.h5,83381863,https://ladsweb.modaps.eosdis.nasa.gov/api/v2/content/archives/VNP46A4.A2013001.h18v05.002.2025087045111.h5,8aac10ef847415255174c63be4ee2f5a,Online
2013,h19v01,VNP46A4.A2013001.h19v01.002.2025088104005.h5,94217863,https://ladsweb.modaps.eosdis.nasa.gov/api/v2/content/archives/VNP46A4.A2013001.h19v01.002.2025088104005.h5,e0bac419a82f629fc702983f2a620a81,Online
2013,h19v02,VNP46A4.A2013001.h19v02.002.2025088104022.h5,142382527,https://ladsweb.modaps.eosdis.nasa.gov/api/v2/content/archives/VNP46A4.A2013001.h19v02.002.2025088104022.h5,21e42318c2dae1de6e72237718274c3a,Online
2013,h19v03,VNP46A4.A2013001.h19v03.002.2025087050758.h5,144829348,https://ladsweb.modaps.eosdis.nasa.gov/api/v2/content/archives/VNP46A4.A2013001.h19v03.002.2025087050758.h5,c9dfcf5aeee581814e68519071948e25,Online
2013,h19v04,VNP46A4.A2013001.h19v04.002.2025087045013.h5,141413883,https://ladsweb.modaps.eosdis.nasa.gov/api/v2/content/archives/VNP46A4.A2013001.h19v04.002.2025087045013.h5,f1f51e10c22134dbb31622cbd43c504b,Online
2013,h19v05,VNP46A4.A2013001.h19v05.002.2025087045025.h5,80124426,https://ladsweb.modaps.eosdis.nasa.gov/api/v2/content/archives/VNP46A4.A2013001.h19v05.002.2025087045025.h5,87c0bec68d1e487ed16b29bee8d0c8b6,Online
2013,h20v01,VNP46A4.A2013001.h20v01.002.2025088103941.h5,104824727,https://ladsweb.modaps.eosdis.nasa.gov/api/v2/content/archives/VNP46A4.A2013001.h20v01.002.2025088103941.h5,b02f39c5d04d568e130e7945827b4766,Online
2013,h20v02,VNP46A4.A2013001.h20v02.002.2025088104026.h5,166329587,https://ladsweb.modaps.eosdis.nasa.gov/api/v2/content/archives/VNP46A4.A2013001.h20v02.002.2025088104026.h5,519fb8fa7dacb22f7f528556b9cfdcc5,Online
2013,h20v03,VNP46A4.A2013001.h20v03.002.2025087045356.h5,145015186,https://ladsweb.modaps.eosdis.nasa.gov/api/v2/content/archives/VNP46A4.A2013001.h20v03.002.2025087045356.h5,c1906611139f3e35e29d34fb45e2940e,Online
2013,h20v04,VNP46A4.A2013001.h20v04.002.2025087045128.h5,138542089,https://ladsweb.modaps.eosdis.nasa.gov/api/v2/content/archives/VNP46A4.A2013001.h20v04.002.2025087045128.h5,a79d7352340baf67e9027dc94d56a331,Online
2013,h20v05,VNP46A4.A2013001.h20v05.002.2025087045121.h5,89903360,https://ladsweb.modaps.eosdis.nasa.gov/api/v2/content/archives/VNP46A4.A2013001.h20v05.002.2025087045121.h5,d652a389eb19deb6c6b94f2e3b58127b,Online
2013,h21v01,VNP46A4.A2013001.h21v01.002.2025088103951.h5,90202185,https://ladsweb.modaps.eosdis.nasa.gov/api/v2/content/archives/VNP46A4.A2013001.h21v01.002.2025088103951.h5,fff85eb1053ff79d985026367885e0be,Online
2013,h21v02,VNP46A4.A2013001.h21v02.002.2025088103948.h5,143249762,https://ladsweb.modaps.eosdis.nasa.gov/api/v2/content/archives/VNP46A4.A2013001.h21v02.002.2025088103948.h5,c65d9c1825e5bd903bdab5d7d9594723,Online
2013,h21v05,VNP46A4.A2013001.h21v05.002.2025087050550.h5,112502996,https://ladsweb.modaps.eosdis.nasa.gov/api/v2/content/archives/VNP46A4.A2013001.h21v05.002.2025087050550.h5,c5513d1e9ce80d960eb40c24aa379002,Online
2013,h22v10,VNP46A4.A2013001.h22v10.002.2025087050851.h5,73766713,https://ladsweb.modaps.eosdis.nasa.gov/api/v2/content/archives/VNP46A4.A2013001.h22v10.002.2025087050851.h5,fecd5e78994e237fec850f8c63797938,Online
2013,h23v11,VNP46A4.A2013001.h23v11.002.2025087050815.h5,70661586,https://ladsweb.modaps.eosdis.nasa.gov/api/v2/content/archives/VNP46A4.A2013001.h23v11.002.2025087050815.h5,e3d472a0ab58ed7e4f21c3abdb2c109f,Online
2014,h11v07,VNP46A4.A2014001.h11v07.002.2025091133931.h5,78369881,https://ladsweb.modaps.eosdis.nasa.gov/api/v2/content/archives/VNP46A4.A2014001.h11v07.002.2025091133931.h5,b3441dc24ecbf8a157cdd7547df97ab8,Online
2014,h12v08,VNP46A4.A2014001.h12v08.002.2025091134039.h5,78197745,https://ladsweb.modaps.eosdis.nasa.gov/api/v2/content/archives/VNP46A4.A2014001.h12v08.002.2025091134039.h5,bf840723f7a315d82e38ecadcd7536c3,Online
2014,h14v05,VNP46A4.A2014001.h14v05.002.2025106134922.h5,70371809,https://ladsweb.modaps.eosdis.nasa.gov/api/v2/content/archives/VNP46A4.A2014001.h14v05.002.2025106134922.h5,6d9997599131ab2e4cb05a4810256650,Online
2014,h15v02,VNP46A4.A2014001.h15v02.002.2025091140358.h5,98160764,https://ladsweb.modaps.eosdis.nasa.gov/api/v2/content/archives/VNP46A4.A2014001.h15v02.002.2025091140358.h5,d2e74c4a8ebb7c46e0c0c661019b5999,Online
2014,h15v05,VNP46A4.A2014001.h15v05.002.2025090174912.h5,70771354,https://ladsweb.modaps.eosdis.nasa.gov/api/v2/content/archives/VNP46A4.A2014001.h15v05.002.2025090174912.h5,bfda8964299798a92d910496636ea414,Online
2014,h16v02,VNP46A4.A2014001.h16v02.002.2025091135120.h5,96912858,https://ladsweb.modaps.eosdis.nasa.gov/api/v2/content/archives/VNP46A4.A2014001.h16v02.002.2025091135120.h5,4381b3e5fc49ed417dd73a27c49aaf5c,Online
2014,h16v03,VNP46A4.A2014001.h16v03.002.2025090174914.h5,67713363,https://ladsweb.modaps.eosdis.nasa.gov/api/v2/content/archives/VNP46A4.A2014001.h16v03.002.2025090174914.h5,1b696a48b3ce9d9ecaa2856a11e1594c,Online
2014,h16v05,VNP46A4.A2014001.h16v05.002.2025090174928.h5,70707345,https://ladsweb.modaps.eosdis.nasa.gov/api/v2/content/archives/VNP46A4.A2014001.h16v05.002.2025090174928.h5,5b148529030b8346a1df3f7b6e343f69,Online
2014,h16v06,VNP46A4.A2014001.h16v06.002.2025090174940.h5,74672067,https://ladsweb.modaps.eosdis.nasa.gov/api/v2/content/archives/VNP46A4.A2014001.h16v06.002.2025090174940.h5,6acc34c8fa6f0faea3a5e7d0a56a1fb4,Online
2014,h17v03,VNP46A4.A2014001.h17v03.002.2025090175012.h5,102542918,https://ladsweb.modaps.eosdis.nasa.gov/api/v2/content/archives/VNP46A4.A2014001.h17v03.002.2025090175012.h5,4c1c655bae52d72f640d69de7b4ffbe3,Online
2014,h17v04,VNP46A4.A2014001.h17v04.002.2025090174919.h5,92527375,https://ladsweb.modaps.eosdis.nasa.gov/api/v2/content/archives/VNP46A4.A2014001.h17v04.002.2025090174919.h5,96304b1f8a473b7b103dbd3d84150ee4,Online
2014,h17v05,VNP46A4.A2014001.h17v05.002.2025090174958.h5,91338783,https://ladsweb.modaps.eosdis.nasa.gov/api/v2/content/archives/VNP46A4.A2014001.h17v05.002.2025090174958.h5,57be7b77fc371f924eb63935bbef81e8,Online
2014,h18v02,VNP46A4.A2014001.h18v02.002.2025091135024.h5,92004331,https://ladsweb.modaps.eosdis.nasa.gov/api/v2/content/archives/VNP46A4.A2014001.h18v02.002.2025091135024.h5,f071fd01818320d4532e59b307e2953a,Online
2014,h18v03,VNP46A4.A2014001.h18v03.002.2025090174655.h5,106409384,https://ladsweb.modaps.eosdis.nasa.gov/api/v2/content/archives/VNP46A4.A2014001.h18v03.002.2025090174655.h5,0ac0001a91ea143d594efd521c3c803c,Online
2014,h18v04,VNP46A4.A2014001.h18v04.002.2025090174541.h5,124006627,https://ladsweb.modaps.eosdis.nasa.gov/api/v2/content/archives/VNP46A4.A2014001.h18v04.002.2025090174541.h5,495ff5bc15a42af81a55c1e238e6213e,Online
2014,h18v05,VNP46A4.A2014001.h18v05.002.2025090174727.h5,84558058,https://ladsweb.modaps.eosdis.nasa.gov/api/v2/content/archives/VNP46A4.A2014001.h18v05.002.2025090174727.h5,097ca5a24b16426875aba2cf43a9e80d,Online
2014,h19v01,VNP46A4.A2014001.h19v01.002.2025091133811.h5,96676952,https://ladsweb.modaps.eosdis.nasa.gov/api/v2/content/archives/VNP46A4.A2014001.h19v01.002.2025091133811.h5,07759f00ed6b73b191da9f0161c43003,Online
2014,h19v02,VNP46A4.A2014001.h19v02.002.2025091134103.h5,144968231,https://ladsweb.modaps.eosdis.nasa.gov/api/v2/content/archives/VNP46A4.A2014001.h19v02.002.2025091134103.h5,f08fae064f6aa8cd7255319f698e5000,Online
2014,h19v03,VNP46A4.A2014001.h19v03.002.2025090174703.h5,134575544,https://ladsweb.modaps.eosdis.nasa.gov/api/v2/content/archives/VNP46A4.A2014001.h19v03.002.2025090174703.h5,c75014db4d5f3a86802c48045a498332,Online
2014,h19v04,VNP46A4.A2014001.h19v04.002.2025090174551.h5,132749633,https://ladsweb.modaps.eosdis.nasa.gov/api/v2/content/archives/VNP46A4.A2014001.h19v04.002.2025090174551.h5,f2e80fad2db7ec098905a683f2afb6ef,Online
2014,h19v05,VNP46A4.A2014001.h19v05.002.2025090174635.h5,79765397,https://ladsweb.modaps.eosdis.nasa.gov/api/v2/content/archives/VNP46A4.A2014001.h19v05.002.2025090174635.h5,cf46bb4a228483440f20a69b721c243e,Online
2014,h20v01,VNP46A4.A2014001.h20v01.002.2025091134027.h5,104617546,https://ladsweb.modaps.eosdis.nasa.gov/api/v2/content/archives/VNP46A4.A2014001.h20v01.002.2025091134027.h5,ce2f8bb4c7da9e3bb01e4990bf1b582b,Online
2014,h20v02,VNP46A4.A2014001.h20v02.002.2025091133839.h5,164084973,https://ladsweb.modaps.eosdis.nasa.gov/api/v2/content/archives/VNP46A4.A2014001.h20v02.002.2025091133839.h5,1fab3ef01fb0f47c09d3e54244bdd959,Online
2014,h20v03,VNP46A4.A2014001.h20v03.002.2025090174647.h5,143215118,https://ladsweb.modaps.eosdis.nasa.gov/api/v2/content/archives/VNP46A4.A2014001.h20v03.002.2025090174647.h5,264485175354a24a25cfb51b3bd09d44,Online
2014,h20v04,VNP46A4.A2014001.h20v04.002.2025090174548.h5,136265818,https://ladsweb.modaps.eosdis.nasa.gov/api/v2/content/archives/VNP46A4.A2014001.h20v04.002.2025090174548.h5,94f58979b9d3880c59aaf32e014b87d5,Online
2014,h20v05,VNP46A4.A2014001.h20v05.002.2025090174705.h5,88576975,https://ladsweb.modaps.eosdis.nasa.gov/api/v2/content/archives/VNP46A4.A2014001.h20v05.002.2025090174705.h5,6bdaaab74f4b64b2d6457b1901131d91,Online
2014,h21v01,VNP46A4.A2014001.h21v01.002.2025091133919.h5,91881440,https://ladsweb.modaps.eosdis.nasa.gov/api/v2/content/archives/VNP46A4.A2014001.h21v01.002.2025091133919.h5,981bdd6424f0c884f2a78950b0dbcac7,Online
2014,h21v02,VNP46A4.A2014001.h21v02.002.2025091135600.h5,151413802,https://ladsweb.modaps.eosdis.nasa.gov/api/v2/content/archives/VNP46A4.A2014001.h21v02.002.2025091135600.h5,83976804a2b431ec6e81782926e4935d,Online
2014,h21v05,VNP46A4.A2014001.h21v05.002.2025091135001.h5,106737231,https://ladsweb.modaps.eosdis.nasa.gov/api/v2/content/archives/VNP46A4.A2014001.h21v05.002.2025091135001.h5,4305a8966bf09d55010ba3204448522f,Online
2014,h22v10,VNP46A4.A2014001.h22v10.002.2025091135446.h5,74215485,https://ladsweb.modaps.eosdis.nasa.gov/api/v2/content/archives/VNP46A4.A2014001.h22v10.002.2025091135446.h5,4cb6957f95b5755889fc47e32ae3a47a,Online
2014,h23v11,VNP46A4.A2014001.h23v11.002.2025091134754.h5,71189121,https://ladsweb.modaps.eosdis.nasa.gov/api/v2/content/archives/VNP46A4.A2014001.h23v11.002.2025091134754.h5,9cedbf8d5c0d81c7f94c9995a3616b3a,Online
2015,h11v07,VNP46A4.A2015001.h11v07.002.2025093111809.h5,78012077,https://ladsweb.modaps.eosdis.nasa.gov/api/v2/content/archives/VNP46A4.A2015001.h11v07.002.2025093111809.h5,a5d48440bf2cc4b6721abe136ce6639f,Online
2015,h12v08,VNP46A4.A2015001.h12v08.002.2025099115944.h5,77930298,https://ladsweb.modaps.eosdis.nasa.gov/api/v2/content/archives/VNP46A4.A2015001.h12v08.002.2025099115944.h5,2efc1cae67e4eae1e58822aae5636893,Online
2015,h14v05,VNP46A4.A2015001.h14v05.002.2025106135314.h5,70429691,https://ladsweb.modaps.eosdis.nasa.gov/api/v2/content/archives/VNP46A4.A2015001.h14v05.002.2025106135314.h5,0c5c02c63faa5ea08657831567671c8d,Online
2015,h15v02,VNP46A4.A2015001.h15v02.002.2025099115909.h5,111350404,https://ladsweb.modaps.eosdis.nasa.gov/api/v2/content/archives/VNP46A4.A2015001.h15v02.002.2025099115909.h5,17d0aec4190c93d73f872e8a37f1091e,Online
2015,h15v05,VNP46A4.A2015001.h15v05.002.2025093111833.h5,70580846,https://ladsweb.modaps.eosdis.nasa.gov/api/v2/content/archives/VNP46A4.A2015001.h15v05.002.2025093111833.h5,91f4fb18716199894a93330454753da9,Online
2015,h16v02,VNP46A4.A2015001.h16v02.002.2025099115847.h5,95388285,https://ladsweb.modaps.eosdis.nasa.gov/api/v2/content/archives/VNP46A4.A2015001.h16v02.002.2025099115847.h5,2f789b9b557c9ade7a37a6f72e2d6d3c,Online
2015,h16v03,VNP46A4.A2015001.h16v03.002.2025093111832.h5,52996468,https://ladsweb.modaps.eosdis.nasa.gov/api/v2/content/archives/VNP46A4.A2015001.h16v03.002.2025093111832.h5,060d35bcbdfcdb525649060eb621bc1c,Online
2015,h16v05,VNP46A4.A2015001.h16v05.002.2025093111838.h5,70892940,https://ladsweb.modaps.eosdis.nasa.gov/api/v2/content/archives/VNP46A4.A2015001.h16v05.002.2025093111838.h5,1b31e430462651143d04aede457308c7,Online
2015,h16v06,VNP46A4.A2015001.h16v06.002.2025093111831.h5,73048302,https://ladsweb.modaps.eosdis.nasa.gov/api/v2/content/archives/VNP46A4.A2015001.h16v06.002.2025093111831.h5,d2714426e3ced08835dc6b0b2833c7cd,Online
2015,h17v03,VNP46A4.A2015001.h17v03.002.2025093111805.h5,102912567,https://ladsweb.modaps.eosdis.nasa.gov/api/v2/content/archives/VNP46A4.A2015001.h17v03.002.2025093111805.h5,190b5c55c63ae81f35b5b42575bf2a1c,Online
2015,h17v04,VNP46A4.A2015001.h17v04.002.2025093111824.h5,92351277,https://ladsweb.modaps.eosdis.nasa.gov/api/v2/content/archives/VNP46A4.A2015001.h17v04.002.2025093111824.h5,7b039a61ea4e7854a1998d3a65802b4b,Online
2015,h17v05,VNP46A4.A2015001.h17v05.002.2025093111817.h5,90187283,https://ladsweb.modaps.eosdis.nasa.gov/api/v2/content/archives/VNP46A4.A2015001.h17v05.002.2025093111817.h5,cd0b9863f9f89c03c54f8ad875048503,Online
2015,h18v02,VNP46A4.A2015001.h18v02.002.2025099115850.h5,93744642,https://ladsweb.modaps.eosdis.nasa.gov/api/v2/content/archives/VNP46A4.A2015001.h18v02.002.2025099115850.h5,081a9ce7f4d30ef462fa48eb4ffdb767,Online
2015,h18v03,VNP46A4.A2015001.h18v03.002.2025093111839.h5,105160435,https://ladsweb.modaps.eosdis.nasa.gov/api/v2/content/archives/VNP46A4.A2015001.h18v03.002.2025093111839.h5,3961260bfb620e3963cdb41761d492b4,Online
2015,h18v04,VNP46A4.A2015001.h18v04.002.2025093111847.h5,122867142,https://ladsweb.modaps.eosdis.nasa.gov/api/v2/content/archives/VNP46A4.A2015001.h18v04.002.2025093111847.h5,5fdc2d794a103abe0dca065c6471be87,Online
2015,h18v05,VNP46A4.A2015001.h18v05.002.2025099115934.h5,84656515,https://ladsweb.modaps.eosdis.nasa.gov/api/v2/content/archives/VNP46A4.A2015001.h18v05.002.2025099115934.h5,45954830ef06b874eb1580843aec7903,Online
2015,h19v01,VNP46A4.A2015001.h19v01.002.2025099115815.h5,104912358,https://ladsweb.modaps.eosdis.nasa.gov/api/v2/content/archives/VNP46A4.A2015001.h19v01.002.2025099115815.h5,0a379debf4ce6670735b2ec97bba8085,Online
2015,h19v02,VNP46A4.A2015001.h19v02.002.2025099115841.h5,146202917,https://ladsweb.modaps.eosdis.nasa.gov/api/v2/content/archives/VNP46A4.A2015001.h19v02.002.2025099115841.h5,d041031c2848324e2dd107347436c395,Online
2015,h19v03,VNP46A4.A2015001.h19v03.002.2025093111836.h5,121826708,https://ladsweb.modaps.eosdis.nasa.gov/api/v2/content/archives/VNP46A4.A2015001.h19v03.002.2025093111836.h5,b287f7a2fdec59ffc145996b5d581222,Online
2015,h19v04,VNP46A4.A2015001.h19v04.002.2025093111843.h5,137887563,https://ladsweb.modaps.eosdis.nasa.gov/api/v2/content/archives/VNP46A4.A2015001.h19v04.002.2025093111843.h5,1bc21ee87859782e4d49e357f45c78a3,Online
2015,h19v05,VNP46A4.A2015001.h19v05.002.2025093111826.h5,81546291,https://ladsweb.modaps.eosdis.nasa.gov/api/v2/content/archives/VNP46A4.A2015001.h19v05.002.2025093111826.h5,d94b2a8d90c10281f2d758ea5866431e,Online
2015,h20v01,VNP46A4.A2015001.h20v01.002.2025099115825.h5,113498507,https://ladsweb.modaps.eosdis.nasa.gov/api/v2/content/archives/VNP46A4.A2015001.h20v01.002.2025099115825.h5,a51709140c02ff67d8123c42ea885080,Online
2015,h20v02,VNP46A4.A2015001.h20v02.002.2025099115841.h5,164789300,https://ladsweb.modaps.eosdis.nasa.gov/api/v2/content/archives/VNP46A4.A2015001.h20v02.002.2025099115841.h5,5f131096917182359e01669d1225c052,Online
2015,h20v03,VNP46A4.A2015001.h20v03.002.2025093111826.h5,127931668,https://ladsweb.modaps.eosdis.nasa.gov/api/v2/content/archives/VNP46A4.A2015001.h20v03.002.2025093111826.h5,be4c9121ecdd2786d33530befd02ef65,Online
2015,h20v04,VNP46A4.A2015001.h20v04.002.2025093111837.h5,135629502,https://ladsweb.modaps.eosdis.nasa.gov/api/v2/content/archives/VNP46A4.A2015001.h20v04.002.2025093111837.h5,5fe9f97a16308e0c49274315a8e9387d,Online
2015,h20v05,VNP46A4.A2015001.h20v05.002.2025093111835.h5,95514717,https://ladsweb.modaps.eosdis.nasa.gov/api/v2/content/archives/VNP46A4.A2015001.h20v05.002.2025093111835.h5,8bdba2ad1ad2643609bb46da655e0ca2,Online
2015,h21v01,VNP46A4.A2015001.h21v01.002.2025099115812.h5,101862947,https://ladsweb.modaps.eosdis.nasa.gov/api/v2/content/archives/VNP46A4.A2015001.h21v01.002.2025099115812.h5,1e387ab77229ad728e10457adedf2e2b,Online
2015,h21v02,VNP46A4.A2015001.h21v02.002.2025099115926.h5,152164985,https://ladsweb.modaps.eosdis.nasa.gov/api/v2/content/archives/VNP46A4.A2015001.h21v02.002.2025099115926.h5,b6f461a04899f792377228f367fe4ea4,Online
2015,h21v05,VNP46A4.A2015001.h21v05.002.2025093111846.h5,116980067,https://ladsweb.modaps.eosdis.nasa.gov/api/v2/content/archives/VNP46A4.A2015001.h21v05.002.2025093111846.h5,b707359cc88b6b9debbd5f7efa2a8d08,Online
2015,h22v10,VNP46A4.A2015001.h22v10.002.2025093112119.h5,74526248,https://ladsweb.modaps.eosdis.nasa.gov/api/v2/content/archives/VNP46A4.A2015001.h22v10.002.2025093112119.h5,17b735fc6cb2bedde2a6d963124cf5cc,Online
2015,h23v11,VNP46A4.A2015001.h23v11.002.2025093111957.h5,70929865,https://ladsweb.modaps.eosdis.nasa.gov/api/v2/content/archives/VNP46A4.A2015001.h23v11.002.2025093111957.h5,65062e626d41fceeccfd399c7c5fef7b,Online
2016,h11v07,VNP46A4.A2016001.h11v07.002.2025101113454.h5,78392246,https://ladsweb.modaps.eosdis.nasa.gov/api/v2/content/archives/VNP46A4.A2016001.h11v07.002.2025101113454.h5,abc1a30875bef27ccbb966b7ddb7aea3,Online
2016,h12v08,VNP46A4.A2016001.h12v08.002.2025101113337.h5,78544943,https://ladsweb.modaps.eosdis.nasa.gov/api/v2/content/archives/VNP46A4.A2016001.h12v08.002.2025101113337.h5,916fe9bf215045c80bee39b296f8fd7c,Online
2016,h14v05,VNP46A4.A2016001.h14v05.002.2025106232603.h5,70080554,https://ladsweb.modaps.eosdis.nasa.gov/api/v2/content/archives/VNP46A4.A2016001.h14v05.002.2025106232603.h5,d4cf4978e6a8c1ada81a17a208f481d1,Online
2016,h15v02,VNP46A4.A2016001.h15v02.002.2025102105432.h5,104704374,https://ladsweb.modaps.eosdis.nasa.gov/api/v2/content/archives/VNP46A4.A2016001.h15v02.002.2025102105432.h5,02ca39d697925f52ec2807efa6090579,Online
2016,h15v05,VNP46A4.A2016001.h15v05.002.2025101113328.h5,70525231,https://ladsweb.modaps.eosdis.nasa.gov/api/v2/content/archives/VNP46A4.A2016001.h15v05.002.2025101113328.h5,38858c5a2b04f204b8bcae16c4d971e2,Online
2016,h16v02,VNP46A4.A2016001.h16v02.002.2025102105414.h5,93708748,https://ladsweb.modaps.eosdis.nasa.gov/api/v2/content/archives/VNP46A4.A2016001.h16v02.002.2025102105414.h5,a9f1f72f490fed8ba288f50e8f0383a2,Online
2016,h16v03,VNP46A4.A2016001.h16v03.002.2025101113355.h5,53002752,https://ladsweb.modaps.eosdis.nasa.gov/api/v2/content/archives/VNP46A4.A2016001.h16v03.002.2025101113355.h5,ee3d55b7791feffdbb7ed0a1bac6a6e7,Online
2016,h16v05,VNP46A4.A2016001.h16v05.002.2025101113347.h5,70805065,https://ladsweb.modaps.eosdis.nasa.gov/api/v2/content/archives/VNP46A4.A2016001.h16v05.002.2025101113347.h5,b8642f4ebbc117e3e049a098df8c88f0,Online
2016,h16v06,VNP46A4.A2016001.h16v06.002.2025101113405.h5,73324557,https://ladsweb.modaps.eosdis.nasa.gov/api/v2/content/archives/VNP46A4.A2016001.h16v06.002.2025101113405.h5,091f4dc9f25b8ea078a1401164365081,Online
2016,h17v03,VNP46A4.A2016001.h17v03.002.2025101113435.h5,102251456,https://ladsweb.modaps.eosdis.nasa.gov/api/v2/content/archives/VNP46A4.A2016001.h17v03.002.2025101113435.h5,f5a7799d70412df067731cb3f54e629e,Online
2016,h17v04,VNP46A4.A2016001.h17v04.002.2025101113447.h5,90836781,https://ladsweb.modaps.eosdis.nasa.gov/api/v2/content/archives/VNP46A4.A2016001.h17v04.002.2025101113447.h5,e9c8b9049bbd2a2e4e5867e4afb35777,Online
2016,h17v05,VNP46A4.A2016001.h17v05.002.2025101113458.h5,91118906,https://ladsweb.modaps.eosdis.nasa.gov/api/v2/content/archives/VNP46A4.A2016001.h17v05.002.2025101113458.h5,27147e14e8d96449018fb6a5b6b7f604,Online
2016,h18v02,VNP46A4.A2016001.h18v02.002.2025102105429.h5,95016730,https://ladsweb.modaps.eosdis.nasa.gov/api/v2/content/archives/VNP46A4.A2016001.h18v02.002.2025102105429.h5,d48af7320f2108c07261692a7528e051,Online
2016,h18v03,VNP46A4.A2016001.h18v03.002.2025101113509.h5,107977372,https://ladsweb.modaps.eosdis.nasa.gov/api/v2/content/archives/VNP46A4.A2016001.h18v03.002.2025101113509.h5,5796846b82cee44fb57492ca3458ec5b,Online
2016,h18v04,VNP46A4.A2016001.h18v04.002.2025101113445.h5,121331744,https://ladsweb.modaps.eosdis.nasa.gov/api/v2/content/archives/VNP46A4.A2016001.h18v04.002.2025101113445.h5,2e35d227fb16ae02fa4b87a8ea699d6e,Online
2016,h18v05,VNP46A4.A2016001.h18v05.002.2025101113459.h5,84323124,https://ladsweb.modaps.eosdis.nasa.gov/api/v2/content/archives/VNP46A4.A2016001.h18v05.002.2025101113459.h5,c051f714f57a7a948ce05adaab55ce05,Online
2016,h19v01,VNP46A4.A2016001.h19v01.002.2025102105230.h5,104767007,https://ladsweb.modaps.eosdis.nasa.gov/api/v2/content/archives/VNP46A4.A2016001.h19v01.002.2025102105230.h5,9f3bb977bb5b1a636b2ab1d593513d0f,Online
2016,h19v02,VNP46A4.A2016001.h19v02.002.2025102105437.h5,149158597,https://ladsweb.modaps.eosdis.nasa.gov/api/v2/content/archives/VNP46A4.A2016001.h19v02.002.2025102105437.h5,dadb780487cdb05b884f26406cbb37ca,Online
2016,h19v03,VNP46A4.A2016001.h19v03.002.2025101113446.h5,134266874,https://ladsweb.modaps.eosdis.nasa.gov/api/v2/content/archives/VNP46A4.A2016001.h19v03.002.2025101113446.h5,7865734a3a853f3a5dd09dc1802ffc20,Online
2016,h19v04,VNP46A4.A2016001.h19v04.002.2025101113502.h5,131792925,https://ladsweb.modaps.eosdis.nasa.gov/api/v2/content/archives/VNP46A4.A2016001.h19v04.002.2025101113502.h5,c6842f38f8b09e472811fbe9a93905dc,Online
2016,h19v05,VNP46A4.A2016001.h19v05.002.2025101113439.h5,80458602,https://ladsweb.modaps.eosdis.nasa.gov/api/v2/content/archives/VNP46A4.A2016001.h19v05.002.2025101113439.h5,bc7d019eed77cd7dce5756010caba261,Online
2016,h20v01,VNP46A4.A2016001.h20v01.002.2025102105257.h5,110592940,https://ladsweb.modaps.eosdis.nasa.gov/api/v2/content/archives/VNP46A4.A2016001.h20v01.002.2025102105257.h5,db8c99972170a5d00bbeaf502fd5a6b1,Online
2016,h20v02,VNP46A4.A2016001.h20v02.002.2025102105405.h5,176462585,https://ladsweb.modaps.eosdis.nasa.gov/api/v2/content/archives/VNP46A4.A2016001.h20v02.002.2025102105405.h5,c84ff8063a21f4169ed8450ec8312f31,Online
2016,h20v03,VNP46A4.A2016001.h20v03.002.2025101113431.h5,142997278,https://ladsweb.modaps.eosdis.nasa.gov/api/v2/content/archives/VNP46A4.A2016001.h20v03.002.2025101113431.h5,9d39a358d1f1a2832400bc79748bdfb5,Online
2016,h20v04,VNP46A4.A2016001.h20v04.002.2025101113447.h5,138615579,https://ladsweb.modaps.eosdis.nasa.gov/api/v2/content/archives/VNP46A4.A2016001.h20v04.002.2025101113447.h5,0e501b2e49f3febb53efe30911b18b3c,Online
2016,h20v05,VNP46A4.A2016001.h20v05.002.2025101113430.h5,91787407,https://ladsweb.modaps.eosdis.nasa.gov/api/v2/content/archives/VNP46A4.A2016001.h20v05.002.2025101113430.h5,285300a8e1c2dc6812f854e57d81a848,Online
2016,h21v01,VNP46A4.A2016001.h21v01.002.2025102105351.h5,95130714,https://ladsweb.modaps.eosdis.nasa.gov/api/v2/content/archives/VNP46A4.A2016001.h21v01.002.2025102105351.h5,b7699ee53f3be42854446df1334257b1,Online
2016,h21v02,VNP46A4.A2016001.h21v02.002.2025102105625.h5,154857847,https://ladsweb.modaps.eosdis.nasa.gov/api/v2/content/archives/VNP46A4.A2016001.h21v02.002.2025102105625.h5,c059db7ef577d69aed0e1c1e1dfa6e46,Online
2016,h21v05,VNP46A4.A2016001.h21v05.002.2025101113444.h5,114211542,https://ladsweb.modaps.eosdis.nasa.gov/api/v2/content/archives/VNP46A4.A2016001.h21v05.002.2025101113444.h5,a96ef2e197906493fe6d5dcd747d2f2b,Online
2016,h22v10,VNP46A4.A2016001.h22v10.002.2025102105548.h5,74500366,https://ladsweb.modaps.eosdis.nasa.gov/api/v2/content/archives/VNP46A4.A2016001.h22v10.002.2025102105548.h5,f6a4e6d04beb944a248c8cee4be8fbaa,Online
2016,h23v11,VNP46A4.A2016001.h23v11.002.2025102105446.h5,71233241,https://ladsweb.modaps.eosdis.nasa.gov/api/v2/content/archives/VNP46A4.A2016001.h23v11.002.2025102105446.h5,e4fc4db68a296bc93bc7ed9d98349273,Online
2017,h11v07,VNP46A4.A2017001.h11v07.002.2025105122624.h5,78325300,https://ladsweb.modaps.eosdis.nasa.gov/api/v2/content/archives/VNP46A4.A2017001.h11v07.002.2025105122624.h5,b13bb558f5b8e290fb17d0730c8cb11d,Online
2017,h12v08,VNP46A4.A2017001.h12v08.002.2025105122725.h5,76533531,https://ladsweb.modaps.eosdis.nasa.gov/api/v2/content/archives/VNP46A4.A2017001.h12v08.002.2025105122725.h5,580c442b36cbac64c3864d423ca36595,Online
2017,h14v05,VNP46A4.A2017001.h14v05.002.2025105144902.h5,70191620,https://ladsweb.modaps.eosdis.nasa.gov/api/v2/content/archives/VNP46A4.A2017001.h14v05.002.2025105144902.h5,a8bb5276f86b3f6667a7d5f1c1e84171,Online
2017,h15v02,VNP46A4.A2017001.h15v02.002.2025105145023.h5,113053431,https://ladsweb.modaps.eosdis.nasa.gov/api/v2/content/archives/VNP46A4.A2017001.h15v02.002.2025105145023.h5,955cc32ad945d4767e1c3341f83970dd,Online
2017,h15v05,VNP46A4.A2017001.h15v05.002.2025105145752.h5,70839036,https://ladsweb.modaps.eosdis.nasa.gov/api/v2/content/archives/VNP46A4.A2017001.h15v05.002.2025105145752.h5,4b7b5bf5723810384dcdba1e9981149d,Online
2017,h16v02,VNP46A4.A2017001.h16v02.002.2025105144900.h5,97293309,https://ladsweb.modaps.eosdis.nasa.gov/api/v2/content/archives/VNP46A4.A2017001.h16v02.002.2025105144900.h5,0885a382cd5b61a7a4f31d1de4451edb,Online
2017,h16v03,VNP46A4.A2017001.h16v03.002.2025104183958.h5,53701941,https://ladsweb.modaps.eosdis.nasa.gov/api/v2/content/archives/VNP46A4.A2017001.h16v03.002.2025104183958.h5,a7412433f1d0cb196e5cfd33ac6f90bd,Online
2017,h16v05,VNP46A4.A2017001.h16v05.002.2025104185035.h5,71056189,https://ladsweb.modaps.eosdis.nasa.gov/api/v2/content/archives/VNP46A4.A2017001.h16v05.002.2025104185035.h5,e2d2d543df16e266b870f4d4c1d0750f,Online
2017,h16v06,VNP46A4.A2017001.h16v06.002.2025104185451.h5,72978740,https://ladsweb.modaps.eosdis.nasa.gov/api/v2/content/archives/VNP46A4.A2017001.h16v06.002.2025104185451.h5,bece537ad551d16e50f28b470a56b8a7,Online
2017,h17v03,VNP46A4.A2017001.h17v03.002.2025104185502.h5,102234486,https://ladsweb.modaps.eosdis.nasa.gov/api/v2/content/archives/VNP46A4.A2017001.h17v03.002.2025104185502.h5,94f999f123f3df37e1c93eaf90f7093c,Online
2017,h17v04,VNP46A4.A2017001.h17v04.002.2025104185200.h5,88805284,https://ladsweb.modaps.eosdis.nasa.gov/api/v2/content/archives/VNP46A4.A2017001.h17v04.002.2025104185200.h5,ad4d291b9b165015b72a9cc1b13fff3f,Online
2017,h17v05,VNP46A4.A2017001.h17v05.002.2025104185341.h5,88746273,https://ladsweb.modaps.eosdis.nasa.gov/api/v2/content/archives/VNP46A4.A2017001.h17v05.002.2025104185341.h5,fe99b707f4cce30f560564d6a75a4270,Online
2017,h18v02,VNP46A4.A2017001.h18v02.002.2025105145647.h5,91865082,https://ladsweb.modaps.eosdis.nasa.gov/api/v2/content/archives/VNP46A4.A2017001.h18v02.002.2025105145647.h5,6c929e287956e960e56e74cce83b4030,Online
2017,h18v03,VNP46A4.A2017001.h18v03.002.2025104183740.h5,109446843,https://ladsweb.modaps.eosdis.nasa.gov/api/v2/content/archives/VNP46A4.A2017001.h18v03.002.2025104183740.h5,696c4609cf6c9d8ac886e8b835e7459c,Online
2017,h18v04,VNP46A4.A2017001.h18v04.002.2025104183925.h5,127545355,https://ladsweb.modaps.eosdis.nasa.gov/api/v2/content/archives/VNP46A4.A2017001.h18v04.002.2025104183925.h5,5b2ea85e0198783bf10b9a62daa04259,Online
2017,h18v05,VNP46A4.A2017001.h18v05.002.2025104183935.h5,84301858,https://ladsweb.modaps.eosdis.nasa.gov/api/v2/content/archives/VNP46A4.A2017001.h18v05.002.2025104183935.h5,9587febae0d3bc7f6d0899dab75161af,Online
2017,h19v01,VNP46A4.A2017001.h19v01.002.2025105145607.h5,99825457,https://ladsweb.modaps.eosdis.nasa.gov/api/v2/content/archives/VNP46A4.A2017001.h19v01.002.2025105145607.h5,a09a0bb2339e57c0866579410296148d,Online
2017,h19v02,VNP46A4.A2017001.h19v02.002.2025105145611.h5,141458474,https://ladsweb.modaps.eosdis.nasa.gov/api/v2/content/archives/VNP46A4.A2017001.h19v02.002.2025105145611.h5,c4ada2d9b7f49a0d1703e94aecdb4a6e,Online
2017,h19v03,VNP46A4.A2017001.h19v03.002.2025104183852.h5,136775628,https://ladsweb.modaps.eosdis.nasa.gov/api/v2/content/archives/VNP46A4.A2017001.h19v03.002.2025104183852.h5,0d3a6fdb6cad524d2d31a516e4ebbc89,Online
2017,h19v04,VNP46A4.A2017001.h19v04.002.2025104183858.h5,147421081,https://ladsweb.modaps.eosdis.nasa.gov/api/v2/content/archives/VNP46A4.A2017001.h19v04.002.2025104183858.h5,1153e725dccf38175afad306d0b1e8b0,Online
2017,h19v05,VNP46A4.A2017001.h19v05.002.2025104183940.h5,80497579,https://ladsweb.modaps.eosdis.nasa.gov/api/v2/content/archives/VNP46A4.A2017001.h19v05.002.2025104183940.h5,a1e74050b5946bee22f19ae0de6aeba1,Online
2017,h20v01,VNP46A4.A2017001.h20v01.002.2025105145148.h5,108354817,https://ladsweb.modaps.eosdis.nasa.gov/api/v2/content/archives/VNP46A4.A2017001.h20v01.002.2025105145148.h5,209d287176571fdff644182ba4c39881,Online
2017,h20v02,VNP46A4.A2017001.h20v02.002.2025105145424.h5,164758711,https://ladsweb.modaps.eosdis.nasa.gov/api/v2/content/archives/VNP46A4.A2017001.h20v02.002.2025105145424.h5,81db5aaa4b242147d2d4a4a5f3faaf5f,Online
2017,h20v03,VNP46A4.A2017001.h20v03.002.2025104183903.h5,138657216,https://ladsweb.modaps.eosdis.nasa.gov/api/v2/content/archives/VNP46A4.A2017001.h20v03.002.2025104183903.h5,d009404f7db1d1e1916aa92835197131,Online
2017,h20v04,VNP46A4.A2017001.h20v04.002.2025104183857.h5,148894104,https://ladsweb.modaps.eosdis.nasa.gov/api/v2/content/archives/VNP46A4.A2017001.h20v04.002.2025104183857.h5,0ca9b7dbd5a066a9599e7d76872567a8,Online
2017,h20v05,VNP46A4.A2017001.h20v05.002.2025104184004.h5,93358475,https://ladsweb.modaps.eosdis.nasa.gov/api/v2/content/archives/VNP46A4.A2017001.h20v05.002.2025104184004.h5,be05b79d9a9e2163c2bea11395f98b86,Online
2017,h21v01,VNP46A4.A2017001.h21v01.002.2025105145301.h5,88476692,https://ladsweb.modaps.eosdis.nasa.gov/api/v2/content/archives/VNP46A4.A2017001.h21v01.002.2025105145301.h5,c98c4203c474c3f1b4dd78fc7bdadf4e,Online
2017,h21v02,VNP46A4.A2017001.h21v02.002.2025105150331.h5,143223718,https://ladsweb.modaps.eosdis.nasa.gov/api/v2/content/archives/VNP46A4.A2017001.h21v02.002.2025105150331.h5,ce9dac0f8ca25db635d76c0940be32a6,Online
2017,h21v05,VNP46A4.A2017001.h21v05.002.2025104184813.h5,117299067,https://ladsweb.modaps.eosdis.nasa.gov/api/v2/content/archives/VNP46A4.A2017001.h21v05.002.2025104184813.h5,dd8804b73a49f886d105d18d322a3cbd,Online
2017,h22v10,VNP46A4.A2017001.h22v10.002.2025105145753.h5,74140359,https://ladsweb.modaps.eosdis.nasa.gov/api/v2/content/archives/VNP46A4.A2017001.h22v10.002.2025105145753.h5,3a040c64e8817703e0f65a720c994211,Online
2017,h23v11,VNP46A4.A2017001.h23v11.002.2025105152015.h5,71914452,https://ladsweb.modaps.eosdis.nasa.gov/api/v2/content/archives/VNP46A4.A2017001.h23v11.002.2025105152015.h5,867ff2997b949313d57309ef268e1eaf,Online
2018,h11v07,VNP46A4.A2018001.h11v07.002.2025114134236.h5,78292912,https://ladsweb.modaps.eosdis.nasa.gov/api/v2/content/archives/VNP46A4.A2018001.h11v07.002.2025114134236.h5,11df0b45172bd986ab80691fb7e2db08,Online
2018,h12v08,VNP46A4.A2018001.h12v08.002.2025114134356.h5,77692178,https://ladsweb.modaps.eosdis.nasa.gov/api/v2/content/archives/VNP46A4.A2018001.h12v08.002.2025114134356.h5,8b9020b93e49a6451c0e3c3e7dfccb00,Online
2018,h14v05,VNP46A4.A2018001.h14v05.002.2025113133601.h5,70413998,https://ladsweb.modaps.eosdis.nasa.gov/api/v2/content/archives/VNP46A4.A2018001.h14v05.002.2025113133601.h5,f558b8725339d3c55d9f371ce9555aab,Online
2018,h15v02,VNP46A4.A2018001.h15v02.002.2025114134204.h5,96999387,https://ladsweb.modaps.eosdis.nasa.gov/api/v2/content/archives/VNP46A4.A2018001.h15v02.002.2025114134204.h5,738c23aa12c7eff31a4515e80c9751a8,Online
2018,h15v05,VNP46A4.A2018001.h15v05.002.2025113133632.h5,71055774,https://ladsweb.modaps.eosdis.nasa.gov/api/v2/content/archives/VNP46A4.A2018001.h15v05.002.2025113133632.h5,51ec1e40bef2a3f3564f328e9d9da630,Online
2018,h16v02,VNP46A4.A2018001.h16v02.002.2025114134426.h5,85848136,https://ladsweb.modaps.eosdis.nasa.gov/api/v2/content/archives/VNP46A4.A2018001.h16v02.002.2025114134426.h5,889b4b5531b251f969db907c2fe99f43,Online
2018,h16v03,VNP46A4.A2018001.h16v03.002.2025113134025.h5,69587036,https://ladsweb.modaps.eosdis.nasa.gov/api/v2/content/archives/VNP46A4.A2018001.h16v03.002.2025113134025.h5,4dc24e77433ac5f3098d54e22f83a2c3,Online
2018,h16v05,VNP46A4.A2018001.h16v05.002.2025113133654.h5,71005930,https://ladsweb.modaps.eosdis.nasa.gov/api/v2/content/archives/VNP46A4.A2018001.h16v05.002.2025113133654.h5,856ec637e11d31c41bb01ed68497626a,Online
2018,h16v06,VNP46A4.A2018001.h16v06.002.2025113134612.h5,73386425,https://ladsweb.modaps.eosdis.nasa.gov/api/v2/content/archives/VNP46A4.A2018001.h16v06.002.2025113134612.h5,e376d4bb16709d2d83dd2b24886484c7,Online
2018,h17v03,VNP46A4.A2018001.h17v03.002.2025113134044.h5,101259401,https://ladsweb.modaps.eosdis.nasa.gov/api/v2/content/archives/VNP46A4.A2018001.h17v03.002.2025113134044.h5,32a01b38fa8f8edaa3c80acd87c3b7da,Online
2018,h17v04,VNP46A4.A2018001.h17v04.002.2025113134144.h5,93080601,https://ladsweb.modaps.eosdis.nasa.gov/api/v2/content/archives/VNP46A4.A2018001.h17v04.002.2025113134144.h5,31a693504fedddf5e4aef25029965cab,Online
2018,h17v05,VNP46A4.A2018001.h17v05.002.2025113134112.h5,91607976,https://ladsweb.modaps.eosdis.nasa.gov/api/v2/content/archives/VNP46A4.A2018001.h17v05.002.2025113134112.h5,a5e85d19a079f17280407925aab57017,Online
2018,h18v02,VNP46A4.A2018001.h18v02.002.2025114134312.h5,86999487,https://ladsweb.modaps.eosdis.nasa.gov/api/v2/content/archives/VNP46A4.A2018001.h18v02.002.2025114134312.h5,95be459ed6ef6e72f313006605946758,Online
2018,h18v03,VNP46A4.A2018001.h18v03.002.2025113134346.h5,106187855,https://ladsweb.modaps.eosdis.nasa.gov/api/v2/content/archives/VNP46A4.A2018001.h18v03.002.2025113134346.h5,d55522fd9ffc6dd481cc11c50bd30ab7,Online
2018,h18v04,VNP46A4.A2018001.h18v04.002.2025113134247.h5,122980429,https://ladsweb.modaps.eosdis.nasa.gov/api/v2/content/archives/VNP46A4.A2018001.h18v04.002.2025113134247.h5,929ef85200642375eb30cac6f1cc1f79,Online
2018,h18v05,VNP46A4.A2018001.h18v05.002.2025113135046.h5,83409382,https://ladsweb.modaps.eosdis.nasa.gov/api/v2/content/archives/VNP46A4.A2018001.h18v05.002.2025113135046.h5,55d51b5164530248f7caa311e80a97de,Online
2018,h19v01,VNP46A4.A2018001.h19v01.002.2025114134422.h5,91241449,https://ladsweb.modaps.eosdis.nasa.gov/api/v2/content/archives/VNP46A4.A2018001.h19v01.002.2025114134422.h5,25dbca366c212d5cad8d487b6ed3392e,Online
2018,h19v02,VNP46A4.A2018001.h19v02.002.2025114134521.h5,136068877,https://ladsweb.modaps.eosdis.nasa.gov/api/v2/content/archives/VNP46A4.A2018001.h19v02.002.2025114134521.h5,c46e2c253e972a92a41304fdd90298e5,Online
2018,h19v03,VNP46A4.A2018001.h19v03.002.2025113134129.h5,131822100,https://ladsweb.modaps.eosdis.nasa.gov/api/v2/content/archives/VNP46A4.A2018001.h19v03.002.2025113134129.h5,9b60e1c5a1fae9d61adcebf104502b00,Online
2018,h19v04,VNP46A4.A2018001.h19v04.002.2025113134108.h5,141757556,https://ladsweb.modaps.eosdis.nasa.gov/api/v2/content/archives/VNP46A4.A2018001.h19v04.002.2025113134108.h5,eac14848ea7e5d9d43f969961b7d0c52,Online
2018,h19v05,VNP46A4.A2018001.h19v05.002.2025113133958.h5,80454655,https://ladsweb.modaps.eosdis.nasa.gov/api/v2/content/archives/VNP46A4.A2018001.h19v05.002.2025113133958.h5,6ba8f2ae5e29699f96aa50e5cf12a53f,Online
2018,h20v01,VNP46A4.A2018001.h20v01.002.2025114134322.h5,101778160,https://ladsweb.modaps.eosdis.nasa.gov/api/v2/content/archives/VNP46A4.A2018001.h20v01.002.2025114134322.h5,b32fdef64d098834db74c3ff2cadeab7,Online
2018,h20v02,VNP46A4.A2018001.h20v02.002.2025114134236.h5,154777488,https://ladsweb.modaps.eosdis.nasa.gov/api/v2/content/archives/VNP46A4.A2018001.h20v02.002.2025114134236.h5,b134adeac89c656b414e3af1ed678978,Online
2018,h20v03,VNP46A4.A2018001.h20v03.002.2025113134437.h5,141579843,https://ladsweb.modaps.eosdis.nasa.gov/api/v2/content/archives/VNP46A4.A2018001.h20v03.002.2025113134437.h5,8001abeecd946aac2cc5c0510f1f5ae1,Online
2018,h20v04,VNP46A4.A2018001.h20v04.002.2025114134443.h5,140071669,https://ladsweb.modaps.eosdis.nasa.gov/api/v2/content/archives/VNP46A4.A2018001.h20v04.002.2025114134443.h5,7dec41ce9a37e6f2bc874ae6a4ef0530,Online
2018,h20v05,VNP46A4.A2018001.h20v05.002.2025114134241.h5,91401978,https://ladsweb.modaps.eosdis.nasa.gov/api/v2/content/archives/VNP46A4.A2018001.h20v05.002.2025114134241.h5,96ed72ea97b02d2dbe0455128f6cb55b,Online
2018,h21v01,VNP46A4.A2018001.h21v01.002.2025114134213.h5,82309468,https://ladsweb.modaps.eosdis.nasa.gov/api/v2/content/archives/VNP46A4.A2018001.h21v01.002.2025114134213.h5,47b6e46d241e63e69e3537ff8260737b,Online
2018,h21v02,VNP46A4.A2018001.h21v02.002.2025114134524.h5,141319576,https://ladsweb.modaps.eosdis.nasa.gov/api/v2/content/archives/VNP46A4.A2018001.h21v02.002.2025114134524.h5,2ed28c522295d72707570985ed9667a2,Online
2018,h21v05,VNP46A4.A2018001.h21v05.002.2025114134254.h5,113016650,https://ladsweb.modaps.eosdis.nasa.gov/api/v2/content/archives/VNP46A4.A2018001.h21v05.002.2025114134254.h5,86829837dcb582ef8d7704c8d631bb2f,Online
2018,h22v10,VNP46A4.A2018001.h22v10.002.2025114134253.h5,75201466,https://ladsweb.modaps.eosdis.nasa.gov/api/v2/content/archives/VNP46A4.A2018001.h22v10.002.2025114134253.h5,384ed61d5726d2e0c3cd919f69b8a98d,Online
2018,h23v11,VNP46A4.A2018001.h23v11.002.2025114134437.h5,72308998,https://ladsweb.modaps.eosdis.nasa.gov/api/v2/content/archives/VNP46A4.A2018001.h23v11.002.2025114134437.h5,6231a2f5f12262f60c37c4be94425ee0,Online
2019,h11v07,VNP46A4.A2019001.h11v07.002.2025134124416.h5,78361543,https://ladsweb.modaps.eosdis.nasa.gov/api/v2/content/archives/VNP46A4.A2019001.h11v07.002.2025134124416.h5,fbabc011848be1f0876c1a74795d94fc,Online
2019,h12v08,VNP46A4.A2019001.h12v08.002.2025134124600.h5,78557910,https://ladsweb.modaps.eosdis.nasa.gov/api/v2/content/archives/VNP46A4.A2019001.h12v08.002.2025134124600.h5,7d52097a092cea5c7f2317d2cbfe08bc,Online
2019,h14v05,VNP46A4.A2019001.h14v05.002.2025133143142.h5,70374586,https://ladsweb.modaps.eosdis.nasa.gov/api/v2/content/archives/VNP46A4.A2019001.h14v05.002.2025133143142.h5,fae1d6fdb053a89b11c1c512bf66defc,Online
2019,h15v02,VNP46A4.A2019001.h15v02.002.2025134124832.h5,103173327,https://ladsweb.modaps.eosdis.nasa.gov/api/v2/content/archives/VNP46A4.A2019001.h15v02.002.2025134124832.h5,0c6ab769559629fa9b2384ead0dac81a,Online
2019,h15v05,VNP46A4.A2019001.h15v05.002.2025133143154.h5,70948462,https://ladsweb.modaps.eosdis.nasa.gov/api/v2/content/archives/VNP46A4.A2019001.h15v05.002.2025133143154.h5,a31cea5295620913d027e24048ca46c4,Online
2019,h16v02,VNP46A4.A2019001.h16v02.002.2025134124934.h5,84547249,https://ladsweb.modaps.eosdis.nasa.gov/api/v2/content/archives/VNP46A4.A2019001.h16v02.002.2025134124934.h5,d6925ab5bce14b0dc80f852948757bf3,Online
2019,h16v03,VNP46A4.A2019001.h16v03.002.2025133143145.h5,69557074,https://ladsweb.modaps.eosdis.nasa.gov/api/v2/content/archives/VNP46A4.A2019001.h16v03.002.2025133143145.h5,0cd25903830fc4b832c14e7c7b107943,Online
2019,h16v05,VNP46A4.A2019001.h16v05.002.2025133143232.h5,71190875,https://ladsweb.modaps.eosdis.nasa.gov/api/v2/content/archives/VNP46A4.A2019001.h16v05.002.2025133143232.h5,c87032e415730ad254dbd1c852504620,Online
2019,h16v06,VNP46A4.A2019001.h16v06.002.2025133143239.h5,73449819,https://ladsweb.modaps.eosdis.nasa.gov/api/v2/content/archives/VNP46A4.A2019001.h16v06.002.2025133143239.h5,5bdf52a710e70e5adceabae8d54e9d4c,Online
2019,h17v03,VNP46A4.A2019001.h17v03.002.2025133143234.h5,96912282,https://ladsweb.modaps.eosdis.nasa.gov/api/v2/content/archives/VNP46A4.A2019001.h17v03.002.2025133143234.h5,936ac41fd849759f1c5f8440ba8fc8a1,Online
2019,h17v04,VNP46A4.A2019001.h17v04.002.2025133143234.h5,90305828,https://ladsweb.modaps.eosdis.nasa.gov/api/v2/content/archives/VNP46A4.A2019001.h17v04.002.2025133143234.h5,c4823e14a2ea70a0cb08324d13992119,Online
2019,h17v05,VNP46A4.A2019001.h17v05.002.2025133143234.h5,88221383,https://ladsweb.modaps.eosdis.nasa.gov/api/v2/content/archives/VNP46A4.A2019001.h17v05.002.2025133143234.h5,13294a7a5ecab6743fcf999d9a29214c,Online
2019,h18v02,VNP46A4.A2019001.h18v02.002.2025134125044.h5,85750021,https://ladsweb.modaps.eosdis.nasa.gov/api/v2/content/archives/VNP46A4.A2019001.h18v02.002.2025134125044.h5,61a3f9f15d2d935020c669c73fbe6743,Online
2019,h18v03,VNP46A4.A2019001.h18v03.002.2025133143215.h5,101902748,https://ladsweb.modaps.eosdis.nasa.gov/api/v2/content/archives/VNP46A4.A2019001.h18v03.002.2025133143215.h5,ece92794b3bb34702a96230755e18940,Online
2019,h18v04,VNP46A4.A2019001.h18v04.002.2025133143230.h5,121250862,https://ladsweb.modaps.eosdis.nasa.gov/api/v2/content/archives/VNP46A4.A2019001.h18v04.002.2025133143230.h5,656427609585a0f829adc4a97bf538d0,Online
2019,h18v05,VNP46A4.A2019001.h18v05.002.2025133143234.h5,83773759,https://ladsweb.modaps.eosdis.nasa.gov/api/v2/content/archives/VNP46A4.A2019001.h18v05.002.2025133143234.h5,5e7dc063f76859be5d9821ef682b160a,Online
2019,h19v01,VNP46A4.A2019001.h19v01.002.2025134125032.h5,96150121,https://ladsweb.modaps.eosdis.nasa.gov/api/v2/content/archives/VNP46A4.A2019001.h19v01.002.2025134125032.h5,852b9a53fb574a35b5422fe81799d1ff,Online
2019,h19v02,VNP46A4.A2019001.h19v02.002.2025134125048.h5,137918052,https://ladsweb.modaps.eosdis.nasa.gov/api/v2/content/archives/VNP46A4.A2019001.h19v02.002.2025134125048.h5,3b0d6bb22ed32ac3eb0dc801a0e27871,Online
2019,h19v03,VNP46A4.A2019001.h19v03.002.2025133143240.h5,122877093,https://ladsweb.modaps.eosdis.nasa.gov/api/v2/content/archives/VNP46A4.A2019001.h19v03.002.2025133143240.h5,e153c3f0aba7174cb51b82fd633b4d67,Online
2019,h19v04,VNP46A4.A2019001.h19v04.002.2025133143259.h5,136524617,https://ladsweb.modaps.eosdis.nasa.gov/api/v2/content/archives/VNP46A4.A2019001.h19v04.002.2025133143259.h5,1e1916e03cea948eabfac3829143716f,Online
2019,h19v05,VNP46A4.A2019001.h19v05.002.2025133143239.h5,79974441,https://ladsweb.modaps.eosdis.nasa.gov/api/v2/content/archives/VNP46A4.A2019001.h19v05.002.2025133143239.h5,ff1820be8966ba8d74a500b707d90adf,Online
2019,h20v01,VNP46A4.A2019001.h20v01.002.2025134125110.h5,108006433,https://ladsweb.modaps.eosdis.nasa.gov/api/v2/content/archives/VNP46A4.A2019001.h20v01.002.2025134125110.h5,d4cac8f18a3d46f84f81fd94d8bbf767,Online
2019,h20v02,VNP46A4.A2019001.h20v02.002.2025134125140.h5,156905927,https://ladsweb.modaps.eosdis.nasa.gov/api/v2/content/archives/VNP46A4.A2019001.h20v02.002.2025134125140.h5,0cae4811192970e65b479edd9eada9e0,Online
2019,h20v03,VNP46A4.A2019001.h20v03.002.2025133143244.h5,133450576,https://ladsweb.modaps.eosdis.nasa.gov/api/v2/content/archives/VNP46A4.A2019001.h20v03.002.2025133143244.h5,f2d8c6e09bedbb239b2015da95e2c45a,Online
2019,h20v04,VNP46A4.A2019001.h20v04.002.2025133143237.h5,141242702,https://ladsweb.modaps.eosdis.nasa.gov/api/v2/content/archives/VNP46A4.A2019001.h20v04.002.2025133143237.h5,1a777ef16371f805568045803672a0bc,Online
2019,h20v05,VNP46A4.A2019001.h20v05.002.2025133143207.h5,91141538,https://ladsweb.modaps.eosdis.nasa.gov/api/v2/content/archives/VNP46A4.A2019001.h20v05.002.2025133143207.h5,6de7b2d974ac9aa26bcc06e228bc59a8,Online
2019,h21v01,VNP46A4.A2019001.h21v01.002.2025134125053.h5,94963888,https://ladsweb.modaps.eosdis.nasa.gov/api/v2/content/archives/VNP46A4.A2019001.h21v01.002.2025134125053.h5,396f5daf131c0fce97d69b5f60a9d494,Online
2019,h21v02,VNP46A4.A2019001.h21v02.002.2025134125125.h5,143500568,https://ladsweb.modaps.eosdis.nasa.gov/api/v2/content/archives/VNP46A4.A2019001.h21v02.002.2025134125125.h5,374c23fe708458a0ded669da1e3acec7,Online
2019,h21v05,VNP46A4.A2019001.h21v05.002.2025133143448.h5,115430200,https://ladsweb.modaps.eosdis.nasa.gov/api/v2/content/archives/VNP46A4.A2019001.h21v05.002.2025133143448.h5,84c6a45f43482101bb5ed20e3705117b,Online
2019,h22v10,VNP46A4.A2019001.h22v10.002.2025134125337.h5,74566253,https://ladsweb.modaps.eosdis.nasa.gov/api/v2/content/archives/VNP46A4.A2019001.h22v10.002.2025134125337.h5,6fa7a462bc5dc0baf31965e968d794de,Online
2019,h23v11,VNP46A4.A2019001.h23v11.002.2025134125624.h5,72235461,https://ladsweb.modaps.eosdis.nasa.gov/api/v2/content/archives/VNP46A4.A2019001.h23v11.002.2025134125624.h5,a7c157f1e4e958981218c2fbd1dbca3d,Online
2020,h11v07,VNP46A4.A2020001.h11v07.002.2025134012546.h5,78231831,https://ladsweb.modaps.eosdis.nasa.gov/api/v2/content/archives/VNP46A4.A2020001.h11v07.002.2025134012546.h5,752bd5570e6678976b4fb574acb15529,Online
2020,h12v08,VNP46A4.A2020001.h12v08.002.2025134014208.h5,77267249,https://ladsweb.modaps.eosdis.nasa.gov/api/v2/content/archives/VNP46A4.A2020001.h12v08.002.2025134014208.h5,1c131b7f440b14a5ae536516637c7fc2,Online
2020,h14v05,VNP46A4.A2020001.h14v05.002.2025134015133.h5,71473235,https://ladsweb.modaps.eosdis.nasa.gov/api/v2/content/archives/VNP46A4.A2020001.h14v05.002.2025134015133.h5,1f9c9bdd63ef11a6530828d8fb178bb8,Online
2020,h15v02,VNP46A4.A2020001.h15v02.002.2025134212625.h5,96877654,https://ladsweb.modaps.eosdis.nasa.gov/api/v2/content/archives/VNP46A4.A2020001.h15v02.002.2025134212625.h5,d4209b856193660f7d7e47b4dac33d84,Online
2020,h15v05,VNP46A4.A2020001.h15v05.002.2025134015340.h5,71786270,https://ladsweb.modaps.eosdis.nasa.gov/api/v2/content/archives/VNP46A4.A2020001.h15v05.002.2025134015340.h5,d6a02ff5efe3b7e0d3c81ed2230d2148,Online
2020,h16v02,VNP46A4.A2020001.h16v02.002.2025134213135.h5,84786062,https://ladsweb.modaps.eosdis.nasa.gov/api/v2/content/archives/VNP46A4.A2020001.h16v02.002.2025134213135.h5,6a5474c6942462cf82e5957018290e72,Online
2020,h16v03,VNP46A4.A2020001.h16v03.002.2025134015727.h5,70594098,https://ladsweb.modaps.eosdis.nasa.gov/api/v2/content/archives/VNP46A4.A2020001.h16v03.002.2025134015727.h5,0ed9f558b48ae751c284ec8348eb2784,Online
2020,h16v05,VNP46A4.A2020001.h16v05.002.2025134015752.h5,72031128,https://ladsweb.modaps.eosdis.nasa.gov/api/v2/content/archives/VNP46A4.A2020001.h16v05.002.2025134015752.h5,2e7b8b2368ed00a17a9b2820891e1944,Online
2020,h16v06,VNP46A4.A2020001.h16v06.002.2025134015801.h5,73425397,https://ladsweb.modaps.eosdis.nasa.gov/api/v2/content/archives/VNP46A4.A2020001.h16v06.002.2025134015801.h5,18bf687c64f2b29a7eef982ef63ae64a,Online
2020,h17v03,VNP46A4.A2020001.h17v03.002.2025134022446.h5,98204744,https://ladsweb.modaps.eosdis.nasa.gov/api/v2/content/archives/VNP46A4.A2020001.h17v03.002.2025134022446.h5,7155321850c326976553ba9b506ce62e,Online
2020,h17v04,VNP46A4.A2020001.h17v04.002.2025134020025.h5,88908587,https://ladsweb.modaps.eosdis.nasa.gov/api/v2/content/archives/VNP46A4.A2020001.h17v04.002.2025134020025.h5,f65db98c313cbcba44a83367c086664c,Online
2020,h17v05,VNP46A4.A2020001.h17v05.002.2025134020039.h5,89111946,https://ladsweb.modaps.eosdis.nasa.gov/api/v2/content/archives/VNP46A4.A2020001.h17v05.002.2025134020039.h5,402a36150e061146489c37c84bd8e55d,Online
2020,h18v02,VNP46A4.A2020001.h18v02.002.2025134213828.h5,84857740,https://ladsweb.modaps.eosdis.nasa.gov/api/v2/content/archives/VNP46A4.A2020001.h18v02.002.2025134213828.h5,138c2fca5660a0a3b9d8f632be356f2a,Online
2020,h18v03,VNP46A4.A2020001.h18v03.002.2025134020239.h5,101103030,https://ladsweb.modaps.eosdis.nasa.gov/api/v2/content/archives/VNP46A4.A2020001.h18v03.002.2025134020239.h5,a40c94300be407d78ecfcbaadb8429bc,Online
2020,h18v04,VNP46A4.A2020001.h18v04.002.2025134020301.h5,115676702,https://ladsweb.modaps.eosdis.nasa.gov/api/v2/content/archives/VNP46A4.A2020001.h18v04.002.2025134020301.h5,b823c5af38e9d4878bd31faa1444b999,Online
2020,h18v05,VNP46A4.A2020001.h18v05.002.2025134020318.h5,83082869,https://ladsweb.modaps.eosdis.nasa.gov/api/v2/content/archives/VNP46A4.A2020001.h18v05.002.2025134020318.h5,6c99f5ab1d7c5dc47a4200f20aa41cff,Online
2020,h19v01,VNP46A4.A2020001.h19v01.002.2025134213954.h5,96020100,https://ladsweb.modaps.eosdis.nasa.gov/api/v2/content/archives/VNP46A4.A2020001.h19v01.002.2025134213954.h5,993bbb6ce6bdd7a089138e5f9f6f9a48,Online
2020,h19v02,VNP46A4.A2020001.h19v02.002.2025134214019.h5,132045691,https://ladsweb.modaps.eosdis.nasa.gov/api/v2/content/archives/VNP46A4.A2020001.h19v02.002.2025134214019.h5,e54a3da1e2d8ac3f3f13825b95ab93c3,Online
2020,h19v03,VNP46A4.A2020001.h19v03.002.2025134020437.h5,108720234,https://ladsweb.modaps.eosdis.nasa.gov/api/v2/content/archives/VNP46A4.A2020001.h19v03.002.2025134020437.h5,225bfb9b7798fbd98f2be3ea1fb6b317,Online
2020,h19v04,VNP46A4.A2020001.h19v04.002.2025134020438.h5,121236434,https://ladsweb.modaps.eosdis.nasa.gov/api/v2/content/archives/VNP46A4.A2020001.h19v04.002.2025134020438.h5,cc0bf446249dd5f69a3ab0e75184198f,Online
2020,h19v05,VNP46A4.A2020001.h19v05.002.2025134020436.h5,81378703,https://ladsweb.modaps.eosdis.nasa.gov/api/v2/content/archives/VNP46A4.A2020001.h19v05.002.2025134020436.h5,48ac163047dc574819011b38cb75acb7,Online
2020,h20v01,VNP46A4.A2020001.h20v01.002.2025134214133.h5,107678792,https://ladsweb.modaps.eosdis.nasa.gov/api/v2/content/archives/VNP46A4.A2020001.h20v01.002.2025134214133.h5,05ac325b24f85b17f2a758d318943620,Online
2020,h20v02,VNP46A4.A2020001.h20v02.002.2025134214343.h5,147695055,https://ladsweb.modaps.eosdis.nasa.gov/api/v2/content/archives/VNP46A4.A2020001.h20v02.002.2025134214343.h5,50ca4e99b331ae8e35f5bf2b5317f625,Online
2020,h20v03,VNP46A4.A2020001.h20v03.002.2025134020543.h5,111075838,https://ladsweb.modaps.eosdis.nasa.gov/api/v2/content/archives/VNP46A4.A2020001.h20v03.002.2025134020543.h5,9d518dd8fd5c272c0bff2b422747688f,Online
2020,h20v04,VNP46A4.A2020001.h20v04.002.2025134020531.h5,114253349,https://ladsweb.modaps.eosdis.nasa.gov/api/v2/content/archives/VNP46A4.A2020001.h20v04.002.2025134020531.h5,50191df45a35bf51596da7e16971820a,Online
2020,h20v05,VNP46A4.A2020001.h20v05.002.2025134020606.h5,92856573,https://ladsweb.modaps.eosdis.nasa.gov/api/v2/content/archives/VNP46A4.A2020001.h20v05.002.2025134020606.h5,5b2ba9e67ff3b6b5e516c71f1e161651,Online
2020,h21v01,VNP46A4.A2020001.h21v01.002.2025134215155.h5,91920021,https://ladsweb.modaps.eosdis.nasa.gov/api/v2/content/archives/VNP46A4.A2020001.h21v01.002.2025134215155.h5,66ff4bb23771d43392e851c1ac38089c,Online
2020,h21v02,VNP46A4.A2020001.h21v02.002.2025134215247.h5,137438819,https://ladsweb.modaps.eosdis.nasa.gov/api/v2/content/archives/VNP46A4.A2020001.h21v02.002.2025134215247.h5,c37f7b672a39c15f9663a9815660d3c8,Online
2020,h21v05,VNP46A4.A2020001.h21v05.002.2025134022609.h5,115575617,https://ladsweb.modaps.eosdis.nasa.gov/api/v2/content/archives/VNP46A4.A2020001.h21v05.002.2025134022609.h5,5e73ea11941b990e847cdcc395d5de96,Online
2020,h22v10,VNP46A4.A2020001.h22v10.002.2025134020934.h5,75027373,https://ladsweb.modaps.eosdis.nasa.gov/api/v2/content/archives/VNP46A4.A2020001.h22v10.002.2025134020934.h5,dbb553f2bef2fc425cbb8d929f85794e,Online
2020,h23v11,VNP46A4.A2020001.h23v11.002.2025134021035.h5,72706541,https://ladsweb.modaps.eosdis.nasa.gov/api/v2/content/archives/VNP46A4.A2020001.h23v11.002.2025134021035.h5,4d440b8114d63b0afe567f9b5d98ec05,Online
2021,h11v07,VNP46A4.A2021001.h11v07.002.2025149104011.h5,78509055,https://ladsweb.modaps.eosdis.nasa.gov/api/v2/content/archives/VNP46A4.A2021001.h11v07.002.2025149104011.h5,70a164652c60311a63c090c0da2bb896,Online
2021,h12v08,VNP46A4.A2021001.h12v08.002.2025149104034.h5,78745042,https://ladsweb.modaps.eosdis.nasa.gov/api/v2/content/archives/VNP46A4.A2021001.h12v08.002.2025149104034.h5,a70bd4e93a241cb998b10b8d71803551,Online
2021,h14v05,VNP46A4.A2021001.h14v05.002.2025149103949.h5,70408772,https://ladsweb.modaps.eosdis.nasa.gov/api/v2/content/archives/VNP46A4.A2021001.h14v05.002.2025149103949.h5,3e2ee2de9b7253a6da34604cbe4e0631,Online
2021,h15v02,VNP46A4.A2021001.h15v02.002.2025149104020.h5,105557164,https://ladsweb.modaps.eosdis.nasa.gov/api/v2/content/archives/VNP46A4.A2021001.h15v02.002.2025149104020.h5,f4f77ffe894d8bb1a38c5de64896ca6e,Online
2021,h15v05,VNP46A4.A2021001.h15v05.002.2025149104052.h5,70875285,https://ladsweb.modaps.eosdis.nasa.gov/api/v2/content/archives/VNP46A4.A2021001.h15v05.002.2025149104052.h5,08d95dcd0da269c11250748b01b85974,Online
2021,h16v02,VNP46A4.A2021001.h16v02.002.2025149104022.h5,86070697,https://ladsweb.modaps.eosdis.nasa.gov/api/v2/content/archives/VNP46A4.A2021001.h16v02.002.2025149104022.h5,e45aff5f682f8c7d3c528c1f46e3749b,Online
2021,h16v03,VNP46A4.A2021001.h16v03.002.2025149104037.h5,69574797,https://ladsweb.modaps.eosdis.nasa.gov/api/v2/content/archives/VNP46A4.A2021001.h16v03.002.2025149104037.h5,265e2e1bea03d03598746a45bd9b5c00,Online
2021,h16v05,VNP46A4.A2021001.h16v05.002.2025149104057.h5,71092033,https://ladsweb.modaps.eosdis.nasa.gov/api/v2/content/archives/VNP46A4.A2021001.h16v05.002.2025149104057.h5,86406a8beb7ce99280d490d2f82b8e48,Online
2021,h16v06,VNP46A4.A2021001.h16v06.002.2025149104047.h5,73069541,https://ladsweb.modaps.eosdis.nasa.gov/api/v2/content/archives/VNP46A4.A2021001.h16v06.002.2025149104047.h5,71bdbc0d755d634ce31a55aae99d37d6,Online
2021,h17v03,VNP46A4.A2021001.h17v03.002.2025149104051.h5,101720376,https://ladsweb.modaps.eosdis.nasa.gov/api/v2/content/archives/VNP46A4.A2021001.h17v03.002.2025149104051.h5,77f4f1cf220688e103a073049853c38e,Online
2021,h17v04,VNP46A4.A2021001.h17v04.002.2025149104115.h5,97215178,https://ladsweb.modaps.eosdis.nasa.gov/api/v2/content/archives/VNP46A4.A2021001.h17v04.002.2025149104115.h5,25dfad94061d93fa58847b7715a2dd0e,Online
2021,h17v05,VNP46A4.A2021001.h17v05.002.2025149104131.h5,93678646,https://ladsweb.modaps.eosdis.nasa.gov/api/v2/content/archives/VNP46A4.A2021001.h17v05.002.2025149104131.h5,45d7b1cbab846c6a85bdf2ac8f3a5917,Online
2021,h18v02,VNP46A4.A2021001.h18v02.002.2025149104211.h5,88239496,https://ladsweb.modaps.eosdis.nasa.gov/api/v2/content/archives/VNP46A4.A2021001.h18v02.002.2025149104211.h5,b47beb352764a222fbf945a634d5d541,Online
2021,h18v03,VNP46A4.A2021001.h18v03.002.2025149104223.h5,112641039,https://ladsweb.modaps.eosdis.nasa.gov/api/v2/content/archives/VNP46A4.A2021001.h18v03.002.2025149104223.h5,b85dc0c257a11faaa9f779b08025b01d,Online
2021,h18v04,VNP46A4.A2021001.h18v04.002.2025149104200.h5,129975230,https://ladsweb.modaps.eosdis.nasa.gov/api/v2/content/archives/VNP46A4.A2021001.h18v04.002.2025149104200.h5,a6b57dc54ae94b371b5c140920c02e9b,Online
2021,h18v05,VNP46A4.A2021001.h18v05.002.2025149104145.h5,84388900,https://ladsweb.modaps.eosdis.nasa.gov/api/v2/content/archives/VNP46A4.A2021001.h18v05.002.2025149104145.h5,db65594a8ddb4a921ba038dc25f23780,Online
2021,h19v01,VNP46A4.A2021001.h19v01.002.2025149104100.h5,91977641,https://ladsweb.modaps.eosdis.nasa.gov/api/v2/content/archives/VNP46A4.A2021001.h19v01.002.2025149104100.h5,b6a2ecd2c3ad75449d8157a88d6b2861,Online
2021,h19v02,VNP46A4.A2021001.h19v02.002.2025149104155.h5,137819629,https://ladsweb.modaps.eosdis.nasa.gov/api/v2/content/archives/VNP46A4.A2021001.h19v02.002.2025149104155.h5,8966406098b7431f66419538fec3db4b,Online
2021,h19v03,VNP46A4.A2021001.h19v03.002.2025149104138.h5,149011922,https://ladsweb.modaps.eosdis.nasa.gov/api/v2/content/archives/VNP46A4.A2021001.h19v03.002.2025149104138.h5,5670f1df84602713fbdefcb4d36480e1,Online
2021,h19v04,VNP46A4.A2021001.h19v04.002.2025149104228.h5,144382153,https://ladsweb.modaps.eosdis.nasa.gov/api/v2/content/archives/VNP46A4.A2021001.h19v04.002.2025149104228.h5,21731c6f6c150befb4c5be0c5f3be66b,Online
2021,h19v05,VNP46A4.A2021001.h19v05.002.2025149104226.h5,80516714,https://ladsweb.modaps.eosdis.nasa.gov/api/v2/content/archives/VNP46A4.A2021001.h19v05.002.2025149104226.h5,00c20814a75b91e9f647b4d874bae1d7,Online
2021,h20v01,VNP46A4.A2021001.h20v01.002.2025149104110.h5,102607123,https://ladsweb.modaps.eosdis.nasa.gov/api/v2/content/archives/VNP46A4.A2021001.h20v01.002.2025149104110.h5,b90aac2fc83594def67326b5fbaf28ae,Online
2021,h20v02,VNP46A4.A2021001.h20v02.002.2025149104035.h5,159350688,https://ladsweb.modaps.eosdis.nasa.gov/api/v2/content/archives/VNP46A4.A2021001.h20v02.002.2025149104035.h5,3a3ea28a34b22adb59da2450bdb0bc07,Online
2021,h20v03,VNP46A4.A2021001.h20v03.002.2025149104154.h5,149766231,https://ladsweb.modaps.eosdis.nasa.gov/api/v2/content/archives/VNP46A4.A2021001.h20v03.002.2025149104154.h5,0e6d1ffcd8d0a815c91a73e584542cf9,Online
2021,h20v04,VNP46A4.A2021001.h20v04.002.2025149104138.h5,143233086,https://ladsweb.modaps.eosdis.nasa.gov/api/v2/content/archives/VNP46A4.A2021001.h20v04.002.2025149104138.h5,ed09e07264c1e861a20d158aefcbb884,Online
2021,h20v05,VNP46A4.A2021001.h20v05.002.2025149110103.h5,92311867,https://ladsweb.modaps.eosdis.nasa.gov/api/v2/content/archives/VNP46A4.A2021001.h20v05.002.2025149110103.h5,c5279e928aacfd065f1972935319ab3f,Online
2021,h21v01,VNP46A4.A2021001.h21v01.002.2025149111608.h5,88015217,https://ladsweb.modaps.eosdis.nasa.gov/api/v2/content/archives/VNP46A4.A2021001.h21v01.002.2025149111608.h5,b20a4557561da5ba92e1e9c73c655247,Online
2021,h21v02,VNP46A4.A2021001.h21v02.002.2025149111722.h5,143351563,https://ladsweb.modaps.eosdis.nasa.gov/api/v2/content/archives/VNP46A4.A2021001.h21v02.002.2025149111722.h5,fe8abee427f869f91972bbfb1b4e0da0,Online
2021,h21v05,VNP46A4.A2021001.h21v05.002.2025149112417.h5,116797902,https://ladsweb.modaps.eosdis.nasa.gov/api/v2/content/archives/VNP46A4.A2021001.h21v05.002.2025149112417.h5,89a1d69d80cd7bc8f92433d708ad2350,Online
2021,h22v10,VNP46A4.A2021001.h22v10.002.2025149150929.h5,74833827,https://ladsweb.modaps.eosdis.nasa.gov/api/v2/content/archives/VNP46A4.A2021001.h22v10.002.2025149150929.h5,c0ded9f331d400d2c0f53d61a05226ef,Online
2021,h23v11,VNP46A4.A2021001.h23v11.002.2025149190352.h5,72698694,https://ladsweb.modaps.eosdis.nasa.gov/api/v2/content/archives/VNP46A4.A2021001.h23v11.002.2025149190352.h5,cebd38a8368de423d65f4d3d13eac160,Online
2022,h11v07,VNP46A4.A2022001.h11v07.002.2025156103239.h5,78490728,https://ladsweb.modaps.eosdis.nasa.gov/api/v2/content/archives/VNP46A4.A2022001.h11v07.002.2025156103239.h5,5358728e2ee0dded21d84968b373254f,Online
2022,h12v08,VNP46A4.A2022001.h12v08.002.2025156103220.h5,77506486,https://ladsweb.modaps.eosdis.nasa.gov/api/v2/content/archives/VNP46A4.A2022001.h12v08.002.2025156103220.h5,c8c9fa3aecd5b6d4422c460525cac826,Online
2022,h14v05,VNP46A4.A2022001.h14v05.002.2025156103316.h5,70106582,https://ladsweb.modaps.eosdis.nasa.gov/api/v2/content/archives/VNP46A4.A2022001.h14v05.002.2025156103316.h5,7736cee332ea88c5997561464309a227,Online
2022,h15v02,VNP46A4.A2022001.h15v02.002.2025156103343.h5,120118367,https://ladsweb.modaps.eosdis.nasa.gov/api/v2/content/archives/VNP46A4.A2022001.h15v02.002.2025156103343.h5,a684393b52c2a349bc27c8a18f2a1cc5,Online
2022,h15v05,VNP46A4.A2022001.h15v05.002.2025156103345.h5,70849823,https://ladsweb.modaps.eosdis.nasa.gov/api/v2/content/archives/VNP46A4.A2022001.h15v05.002.2025156103345.h5,5e10a7c640c13296ae91d108323cc6ad,Online
2022,h16v02,VNP46A4.A2022001.h16v02.002.2025156103326.h5,103441338,https://ladsweb.modaps.eosdis.nasa.gov/api/v2/content/archives/VNP46A4.A2022001.h16v02.002.2025156103326.h5,81dcc4df06c390f67d74855c3ab1c820,Online
2022,h16v03,VNP46A4.A2022001.h16v03.002.2025156103439.h5,69437990,https://ladsweb.modaps.eosdis.nasa.gov/api/v2/content/archives/VNP46A4.A2022001.h16v03.002.2025156103439.h5,7df4417489f6199103e163305294d1e6,Online
2022,h16v05,VNP46A4.A2022001.h16v05.002.2025156103545.h5,70725282,https://ladsweb.modaps.eosdis.nasa.gov/api/v2/content/archives/VNP46A4.A2022001.h16v05.002.2025156103545.h5,4cbf886cb5ee4fbc756f8bf0b60b6859,Online
2022,h16v06,VNP46A4.A2022001.h16v06.002.2025156103351.h5,73245496,https://ladsweb.modaps.eosdis.nasa.gov/api/v2/content/archives/VNP46A4.A2022001.h16v06.002.2025156103351.h5,9471be2a9f7f5d1421791acc525efb37,Online
2022,h17v03,VNP46A4.A2022001.h17v03.002.2025156103333.h5,103868370,https://ladsweb.modaps.eosdis.nasa.gov/api/v2/content/archives/VNP46A4.A2022001.h17v03.002.2025156103333.h5,4729fe8d7e4150c2e6ac98446511fa09,Online
2022,h17v04,VNP46A4.A2022001.h17v04.002.2025156103418.h5,91367156,https://ladsweb.modaps.eosdis.nasa.gov/api/v2/content/archives/VNP46A4.A2022001.h17v04.002.2025156103418.h5,70bb81080ccd1c47f20568a5b998f2df,Online
2022,h17v05,VNP46A4.A2022001.h17v05.002.2025156103449.h5,94063168,https://ladsweb.modaps.eosdis.nasa.gov/api/v2/content/archives/VNP46A4.A2022001.h17v05.002.2025156103449.h5,639aaaf88dedec49c2cffa049d80f3ef,Online
2022,h18v02,VNP46A4.A2022001.h18v02.002.2025156103327.h5,100551989,https://ladsweb.modaps.eosdis.nasa.gov/api/v2/content/archives/VNP46A4.A2022001.h18v02.002.2025156103327.h5,e505cb74889166caf9afae643be55779,Online
2022,h18v03,VNP46A4.A2022001.h18v03.002.2025156103302.h5,109152409,https://ladsweb.modaps.eosdis.nasa.gov/api/v2/content/archives/VNP46A4.A2022001.h18v03.002.2025156103302.h5,6a19f105f499bc5345d58a5c03da4df2,Online
2022,h18v04,VNP46A4.A2022001.h18v04.002.2025156103302.h5,122639846,https://ladsweb.modaps.eosdis.nasa.gov/api/v2/content/archives/VNP46A4.A2022001.h18v04.002.2025156103302.h5,0e0122875d7d83c99a93de5a2b3c4875,Online
2022,h18v05,VNP46A4.A2022001.h18v05.002.2025156103352.h5,87021499,https://ladsweb.modaps.eosdis.nasa.gov/api/v2/content/archives/VNP46A4.A2022001.h18v05.002.2025156103352.h5,c0f1835204efc2fd434f0342011419be,Online
2022,h19v01,VNP46A4.A2022001.h19v01.002.2025156103340.h5,103108757,https://ladsweb.modaps.eosdis.nasa.gov/api/v2/content/archives/VNP46A4.A2022001.h19v01.002.2025156103340.h5,a0d00aea82bf4622a4ef42d4d1d6cba3,Online
2022,h19v02,VNP46A4.A2022001.h19v02.002.2025156103446.h5,153970210,https://ladsweb.modaps.eosdis.nasa.gov/api/v2/content/archives/VNP46A4.A2022001.h19v02.002.2025156103446.h5,3ac23cc38d9b6587c014cb35cf69a96e,Online
2022,h19v03,VNP46A4.A2022001.h19v03.002.2025156103336.h5,138413860,https://ladsweb.modaps.eosdis.nasa.gov/api/v2/content/archives/VNP46A4.A2022001.h19v03.002.2025156103336.h5,2475b52ac7012212a0c928ddc3b1ee5e,Online
2022,h19v04,VNP46A4.A2022001.h19v04.002.2025156103421.h5,141374828,https://ladsweb.modaps.eosdis.nasa.gov/api/v2/content/archives/VNP46A4.A2022001.h19v04.002.2025156103421.h5,5d67dd2a5f063968c9334a8ce7ede24a,Online
2022,h19v05,VNP46A4.A2022001.h19v05.002.2025156103256.h5,81801280,https://ladsweb.modaps.eosdis.nasa.gov/api/v2/content/archives/VNP46A4.A2022001.h19v05.002.2025156103256.h5,a498a2b567ab03113eeebb831b7ab383,Online
2022,h20v01,VNP46A4.A2022001.h20v01.002.2025156151304.h5,117123521,https://ladsweb.modaps.eosdis.nasa.gov/api/v2/content/archives/VNP46A4.A2022001.h20v01.002.2025156151304.h5,1331366f1cd5c9f7bd0cefe6b9c0e79e,Online
2022,h20v02,VNP46A4.A2022001.h20v02.002.2025156152424.h5,189634304,https://ladsweb.modaps.eosdis.nasa.gov/api/v2/content/archives/VNP46A4.A2022001.h20v02.002.2025156152424.h5,e5211af1deda8ab53293ca9799175a9d,Online
2022,h20v03,VNP46A4.A2022001.h20v03.002.2025156152707.h5,146257606,https://ladsweb.modaps.eosdis.nasa.gov/api/v2/content/archives/VNP46A4.A2022001.h20v03.002.2025156152707.h5,fb7534e2953151d0308e9da8ed3da1b5,Online
2022,h20v04,VNP46A4.A2022001.h20v04.002.2025156153104.h5,136634920,https://ladsweb.modaps.eosdis.nasa.gov/api/v2/content/archives/VNP46A4.A2022001.h20v04.002.2025156153104.h5,2aecfe44e242379d75f6c0bab5d05dae,Online
2022,h20v05,VNP46A4.A2022001.h20v05.002.2025156153947.h5,97836111,https://ladsweb.modaps.eosdis.nasa.gov/api/v2/content/archives/VNP46A4.A2022001.h20v05.002.2025156153947.h5,98871b496791d9c90f326144fef312ef,Online
2022,h21v01,VNP46A4.A2022001.h21v01.002.2025156155414.h5,102796439,https://ladsweb.modaps.eosdis.nasa.gov/api/v2/content/archives/VNP46A4.A2022001.h21v01.002.2025156155414.h5,a0b43dc86607cbec1b91e7faedc67e65,Online
2022,h21v02,VNP46A4.A2022001.h21v02.002.2025156155553.h5,162421698,https://ladsweb.modaps.eosdis.nasa.gov/api/v2/content/archives/VNP46A4.A2022001.h21v02.002.2025156155553.h5,6b3df3869a4baea87abd3be8a59654c7,Online
2022,h21v05,VNP46A4.A2022001.h21v05.002.2025156163917.h5,126619793,https://ladsweb.modaps.eosdis.nasa.gov/api/v2/content/archives/VNP46A4.A2022001.h21v05.002.2025156163917.h5,27728ab9a4cbfb6f0fcc8410159dcb54,Online
2022,h22v10,VNP46A4.A2022001.h22v10.002.2025156201948.h5,74857453,https://ladsweb.modaps.eosdis.nasa.gov/api/v2/content/archives/VNP46A4.A2022001.h22v10.002.2025156201948.h5,0814f8a84cbe87fc819247608ae11e1e,Online
2022,h23v11,VNP46A4.A2022001.h23v11.002.2025156205259.h5,71235287,https://ladsweb.modaps.eosdis.nasa.gov/api/v2/content/archives/VNP46A4.A2022001.h23v11.002.2025156205259.h5,3904279439a749632a95c504358ee3ab,Online
2023,h11v07,VNP46A4.A2023001.h11v07.002.2025161113134.h5,79457346,https://ladsweb.modaps.eosdis.nasa.gov/api/v2/content/archives/VNP46A4.A2023001.h11v07.002.2025161113134.h5,45d22488c7546cd385dcdbcdbd9c89e4,Online
2023,h12v08,VNP46A4.A2023001.h12v08.002.2025161113053.h5,78798099,https://ladsweb.modaps.eosdis.nasa.gov/api/v2/content/archives/VNP46A4.A2023001.h12v08.002.2025161113053.h5,07938e11e15d9017c2c217e94584f810,Online
2023,h14v05,VNP46A4.A2023001.h14v05.002.2025161113147.h5,70482411,https://ladsweb.modaps.eosdis.nasa.gov/api/v2/content/archives/VNP46A4.A2023001.h14v05.002.2025161113147.h5,ff7f940ceed0e2af29bde15d6af2e5b6,Online
2023,h15v02,VNP46A4.A2023001.h15v02.002.2025161112849.h5,128307058,https://ladsweb.modaps.eosdis.nasa.gov/api/v2/content/archives/VNP46A4.A2023001.h15v02.002.2025161112849.h5,a8473e887b9c7ff31cd594f4f1b56a76,Online
2023,h15v05,VNP46A4.A2023001.h15v05.002.2025161113057.h5,71169499,https://ladsweb.modaps.eosdis.nasa.gov/api/v2/content/archives/VNP46A4.A2023001.h15v05.002.2025161113057.h5,2a8e4fce5a189480e099e6ae893df652,Online
2023,h16v02,VNP46A4.A2023001.h16v02.002.2025161113032.h5,114437216,https://ladsweb.modaps.eosdis.nasa.gov/api/v2/content/archives/VNP46A4.A2023001.h16v02.002.2025161113032.h5,520d47726bdafe595f5b17e0f6c8740c,Online
2023,h16v03,VNP46A4.A2023001.h16v03.002.2025161112828.h5,73074550,https://ladsweb.modaps.eosdis.nasa.gov/api/v2/content/archives/VNP46A4.A2023001.h16v03.002.2025161112828.h5,8f9bf47ed02bbef5b3ac8cf3dc75ad45,Online
2023,h16v05,VNP46A4.A2023001.h16v05.002.2025161112922.h5,71444424,https://ladsweb.modaps.eosdis.nasa.gov/api/v2/content/archives/VNP46A4.A2023001.h16v05.002.2025161112922.h5,febbdcdfeecaaca8885192a3f274630e,Online
2023,h16v06,VNP46A4.A2023001.h16v06.002.2025161112813.h5,72919844,https://ladsweb.modaps.eosdis.nasa.gov/api/v2/content/archives/VNP46A4.A2023001.h16v06.002.2025161112813.h5,6b9a42541877dece54c492bb245205bc,Online
2023,h17v03,VNP46A4.A2023001.h17v03.002.2025161112630.h5,112116025,https://ladsweb.modaps.eosdis.nasa.gov/api/v2/content/archives/VNP46A4.A2023001.h17v03.002.2025161112630.h5,6dbc6eaa5898ee38d4d162455ec85e77,Online
2023,h17v04,VNP46A4.A2023001.h17v04.002.2025161112617.h5,99690241,https://ladsweb.modaps.eosdis.nasa.gov/api/v2/content/archives/VNP46A4.A2023001.h17v04.002.2025161112617.h5,0c8751e0637072938f1faf8293572ca0,Online
2023,h17v05,VNP46A4.A2023001.h17v05.002.2025161112612.h5,101000874,https://ladsweb.modaps.eosdis.nasa.gov/api/v2/content/archives/VNP46A4.A2023001.h17v05.002.2025161112612.h5,7e21e628a5663c92f32276f68500a82a,Online
2023,h18v02,VNP46A4.A2023001.h18v02.002.2025161112930.h5,103972981,https://ladsweb.modaps.eosdis.nasa.gov/api/v2/content/archives/VNP46A4.A2023001.h18v02.002.2025161112930.h5,58fb6694cbea58f2d7af5bda998aae51,Online
2023,h18v03,VNP46A4.A2023001.h18v03.002.2025161113032.h5,115850260,https://ladsweb.modaps.eosdis.nasa.gov/api/v2/content/archives/VNP46A4.A2023001.h18v03.002.2025161113032.h5,c07817e14e059b4c8bf6985b86829b7d,Online
2023,h18v04,VNP46A4.A2023001.h18v04.002.2025161112946.h5,131907972,https://ladsweb.modaps.eosdis.nasa.gov/api/v2/content/archives/VNP46A4.A2023001.h18v04.002.2025161112946.h5,69948f20981f241ef34405418592ecff,Online
2023,h18v05,VNP46A4.A2023001.h18v05.002.2025161112724.h5,94676088,https://ladsweb.modaps.eosdis.nasa.gov/api/v2/content/archives/VNP46A4.A2023001.h18v05.002.2025161112724.h5,44c48e88a2e2ea71f5a1aebe290cf1b3,Online
2023,h19v01,VNP46A4.A2023001.h19v01.002.2025161112902.h5,106546404,https://ladsweb.modaps.eosdis.nasa.gov/api/v2/content/archives/VNP46A4.A2023001.h19v01.002.2025161112902.h5,524e98026665f757d676ef67d62657a9,Online
2023,h19v02,VNP46A4.A2023001.h19v02.002.2025161112627.h5,163961509,https://ladsweb.modaps.eosdis.nasa.gov/api/v2/content/archives/VNP46A4.A2023001.h19v02.002.2025161112627.h5,ac1ba754ad9de44aadaca1542e2c7425,Online
2023,h19v03,VNP46A4.A2023001.h19v03.002.2025161112943.h5,146525863,https://ladsweb.modaps.eosdis.nasa.gov/api/v2/content/archives/VNP46A4.A2023001.h19v03.002.2025161112943.h5,03b374d5c74cf7f67e659084124761ce,Online
2023,h19v04,VNP46A4.A2023001.h19v04.002.2025161112948.h5,152646906,https://ladsweb.modaps.eosdis.nasa.gov/api/v2/content/archives/VNP46A4.A2023001.h19v04.002.2025161112948.h5,2b23094de2bf248d9489bf24d5416132,Online
2023,h19v05,VNP46A4.A2023001.h19v05.002.2025161112953.h5,85446744,https://ladsweb.modaps.eosdis.nasa.gov/api/v2/content/archives/VNP46A4.A2023001.h19v05.002.2025161112953.h5,84fabe87e4332b66e6ba6888bcfad5a2,Online
2023,h20v01,VNP46A4.A2023001.h20v01.002.2025161153944.h5,115725541,https://ladsweb.modaps.eosdis.nasa.gov/api/v2/content/archives/VNP46A4.A2023001.h20v01.002.2025161153944.h5,39cdad803f5f11528131e4f38e15a742,Online
2023,h20v02,VNP46A4.A2023001.h20v02.002.2025161154027.h5,193388379,https://ladsweb.modaps.eosdis.nasa.gov/api/v2/content/archives/VNP46A4.A2023001.h20v02.002.2025161154027.h5,3aa4bcd866afb27b41cfed004ea87a48,Online
2023,h20v03,VNP46A4.A2023001.h20v03.002.2025161154229.h5,154280071,https://ladsweb.modaps.eosdis.nasa.gov/api/v2/content/archives/VNP46A4.A2023001.h20v03.002.2025161154229.h5,b5f0a34ea48bfd5683c0b26a2ecad075,Online
2023,h20v04,VNP46A4.A2023001.h20v04.002.2025161154812.h5,149454981,https://ladsweb.modaps.eosdis.nasa.gov/api/v2/content/archives/VNP46A4.A2023001.h20v04.002.2025161154812.h5,8d1bca24cdedf1ffa8cc86c789fe26ea,Online
2023,h20v05,VNP46A4.A2023001.h20v05.002.2025161154854.h5,103553717,https://ladsweb.modaps.eosdis.nasa.gov/api/v2/content/archives/VNP46A4.A2023001.h20v05.002.2025161154854.h5,56e79957f57990653e7e573d9ec92aa0,Online
2023,h21v01,VNP46A4.A2023001.h21v01.002.2025161160513.h5,96288210,https://ladsweb.modaps.eosdis.nasa.gov/api/v2/content/archives/VNP46A4.A2023001.h21v01.002.2025161160513.h5,6f89216565ab55164f896f0685ebd6e4,Online
2023,h21v02,VNP46A4.A2023001.h21v02.002.2025161161144.h5,179084961,https://ladsweb.modaps.eosdis.nasa.gov/api/v2/content/archives/VNP46A4.A2023001.h21v02.002.2025161161144.h5,3055c67b538d8ab33c7dc7f272916c72,Online
2023,h21v05,VNP46A4.A2023001.h21v05.002.2025161173416.h5,133837347,https://ladsweb.modaps.eosdis.nasa.gov/api/v2/content/archives/VNP46A4.A2023001.h21v05.002.2025161173416.h5,ed78541c3cae7d77671a74c20e7abdc8,Online
2023,h22v10,VNP46A4.A2023001.h22v10.002.2025161204111.h5,74345711,https://ladsweb.modaps.eosdis.nasa.gov/api/v2/content/archives/VNP46A4.A2023001.h22v10.002.2025161204111.h5,beac87aa6ce8412906c3c7f066563bc7,Online
2023,h23v11,VNP46A4.A2023001.h23v11.002.2025161215625.h5,71336128,https://ladsweb.modaps.eosdis.nasa.gov/api/v2/content/archives/VNP46A4.A2023001.h23v11.002.2025161215625.h5,c296852879635b82883747b4d9d4a443,Online
2024,h11v07,VNP46A4.A2024001.h11v07.002.2025161224406.h5,79180707,https://ladsweb.modaps.eosdis.nasa.gov/api/v2/content/archives/VNP46A4.A2024001.h11v07.002.2025161224406.h5,702a5ebef92f826580f45d9fc77c3acc,Online
2024,h12v08,VNP46A4.A2024001.h12v08.002.2025161224742.h5,75379508,https://ladsweb.modaps.eosdis.nasa.gov/api/v2/content/archives/VNP46A4.A2024001.h12v08.002.2025161224742.h5,c02617e9a6e65ef07c508ee5a993a02b,Online
2024,h14v05,VNP46A4.A2024001.h14v05.002.2025161225708.h5,70114405,https://ladsweb.modaps.eosdis.nasa.gov/api/v2/content/archives/VNP46A4.A2024001.h14v05.002.2025161225708.h5,88cf8ac776886712236d86d31b66e271,Online
2024,h15v02,VNP46A4.A2024001.h15v02.002.2025161230130.h5,117667639,https://ladsweb.modaps.eosdis.nasa.gov/api/v2/content/archives/VNP46A4.A2024001.h15v02.002.2025161230130.h5,c4f6b61cf53fe319f118116dc8a91e1d,Online
2024,h15v05,VNP46A4.A2024001.h15v05.002.2025161230354.h5,70679912,https://ladsweb.modaps.eosdis.nasa.gov/api/v2/content/archives/VNP46A4.A2024001.h15v05.002.2025161230354.h5,ee2ebacd85680b1e5eafa7d10c2a6606,Online
2024,h16v02,VNP46A4.A2024001.h16v02.002.2025162005437.h5,104765555,https://ladsweb.modaps.eosdis.nasa.gov/api/v2/content/archives/VNP46A4.A2024001.h16v02.002.2025162005437.h5,73405df2229ee9827c698c6fd6ef9c46,Online
2024,h16v03,VNP46A4.A2024001.h16v03.002.2025162005554.h5,72896456,https://ladsweb.modaps.eosdis.nasa.gov/api/v2/content/archives/VNP46A4.A2024001.h16v03.002.2025162005554.h5,8208f0495fcfff372e3975b5a9c68571,Online
2024,h16v05,VNP46A4.A2024001.h16v05.002.2025162010025.h5,70489680,https://ladsweb.modaps.eosdis.nasa.gov/api/v2/content/archives/VNP46A4.A2024001.h16v05.002.2025162010025.h5,100819351c01a47938c8012d4ec1f381,Online
2024,h16v06,VNP46A4.A2024001.h16v06.002.2025162010030.h5,74679910,https://ladsweb.modaps.eosdis.nasa.gov/api/v2/content/archives/VNP46A4.A2024001.h16v06.002.2025162010030.h5,e63481e9be6ea330b39dcb805d2fcfe7,Online
2024,h17v03,VNP46A4.A2024001.h17v03.002.2025162011716.h5,108246517,https://ladsweb.modaps.eosdis.nasa.gov/api/v2/content/archives/VNP46A4.A2024001.h17v03.002.2025162011716.h5,a6267c27d3b38e3245d24753da503378,Online
2024,h17v04,VNP46A4.A2024001.h17v04.002.2025162103950.h5,94160957,https://ladsweb.modaps.eosdis.nasa.gov/api/v2/content/archives/VNP46A4.A2024001.h17v04.002.2025162103950.h5,dcbeb5e2ad3b34cc244b71dcff4aa955,Online
2024,h17v05,VNP46A4.A2024001.h17v05.002.2025162104219.h5,96193179,https://ladsweb.modaps.eosdis.nasa.gov/api/v2/content/archives/VNP46A4.A2024001.h17v05.002.2025162104219.h5,c9783d7dae5b0ce6b65683a115deb0a7,Online
2024,h18v02,VNP46A4.A2024001.h18v02.002.2025162030128.h5,99793075,https://ladsweb.modaps.eosdis.nasa.gov/api/v2/content/archives/VNP46A4.A2024001.h18v02.002.2025162030128.h5,98e5ab2e9573193500656ca303b81944,Online
2024,h18v03,VNP46A4.A2024001.h18v03.002.2025162030200.h5,116590901,https://ladsweb.modaps.eosdis.nasa.gov/api/v2/content/archives/VNP46A4.A2024001.h18v03.002.2025162030200.h5,8160834452f5b415421aa68d09227cea,Online
2024,h18v04,VNP46A4.A2024001.h18v04.002.2025162030818.h5,126668139,https://ladsweb.modaps.eosdis.nasa.gov/api/v2/content/archives/VNP46A4.A2024001.h18v04.002.2025162030818.h5,f681cc6eccc6b67f79fce192a3f9eecf,Online
2024,h18v05,VNP46A4.A2024001.h18v05.002.2025162030837.h5,92522820,https://ladsweb.modaps.eosdis.nasa.gov/api/v2/content/archives/VNP46A4.A2024001.h18v05.002.2025162030837.h5,5a714f6e5e831e33268631059b4122e6,Online
2024,h19v01,VNP46A4.A2024001.h19v01.002.2025162032458.h5,113043699,https://ladsweb.modaps.eosdis.nasa.gov/api/v2/content/archives/VNP46A4.A2024001.h19v01.002.2025162032458.h5,fc1c04c25d3e2db7246ef4e941282694,Online
2024,h19v02,VNP46A4.A2024001.h19v02.002.2025162032634.h5,158609018,https://ladsweb.modaps.eosdis.nasa.gov/api/v2/content/archives/VNP46A4.A2024001.h19v02.002.2025162032634.h5,130de86272f3a60c266ebadefb9c9f78,Online
2024,h19v03,VNP46A4.A2024001.h19v03.002.2025162115121.h5,151869725,https://ladsweb.modaps.eosdis.nasa.gov/api/v2/content/archives/VNP46A4.A2024001.h19v03.002.2025162115121.h5,61922baac4a68b7e0883319c5faf9494,Online
2024,h19v04,VNP46A4.A2024001.h19v04.002.2025162032851.h5,147303124,https://ladsweb.modaps.eosdis.nasa.gov/api/v2/content/archives/VNP46A4.A2024001.h19v04.002.2025162032851.h5,49119b00a64aa4d29c427b88fb7e02b6,Online
2024,h19v05,VNP46A4.A2024001.h19v05.002.2025162032909.h5,84659104,https://ladsweb.modaps.eosdis.nasa.gov/api/v2/content/archives/VNP46A4.A2024001.h19v05.002.2025162032909.h5,594162289255e4071658ef107ebf469c,Online
2024,h20v01,VNP46A4.A2024001.h20v01.002.2025162040039.h5,123561884,https://ladsweb.modaps.eosdis.nasa.gov/api/v2/content/archives/VNP46A4.A2024001.h20v01.002.2025162040039.h5,43970ca170a4bee4c0c9a752d7547bc4,Online
2024,h20v02,VNP46A4.A2024001.h20v02.002.2025162045237.h5,189494522,https://ladsweb.modaps.eosdis.nasa.gov/api/v2/content/archives/VNP46A4.A2024001.h20v02.002.2025162045237.h5,83275eb5694b5ebc9f6a949efbfc0d24,Online
2024,h20v03,VNP46A4.A2024001.h20v03.002.2025162045701.h5,153783932,https://ladsweb.modaps.eosdis.nasa.gov/api/v2/content/archives/VNP46A4.A2024001.h20v03.002.2025162045701.h5,2acbf59c25cf8bda3a5d54abe2decd56,Online
2024,h20v04,VNP46A4.A2024001.h20v04.002.2025162050542.h5,148061822,https://ladsweb.modaps.eosdis.nasa.gov/api/v2/content/archives/VNP46A4.A2024001.h20v04.002.2025162050542.h5,122d922c91479fa06c44e9f6766f78dc,Online
2024,h20v05,VNP46A4.A2024001.h20v05.002.2025162051850.h5,95424184,https://ladsweb.modaps.eosdis.nasa.gov/api/v2/content/archives/VNP46A4.A2024001.h20v05.002.2025162051850.h5,4dc57517672dfe33c937ebd06fdf8f8a,Online
2024,h21v01,VNP46A4.A2024001.h21v01.002.2025162065642.h5,107631463,https://ladsweb.modaps.eosdis.nasa.gov/api/v2/content/archives/VNP46A4.A2024001.h21v01.002.2025162065642.h5,c0591397385c85bbbd4d63cffece425a,Online
2024,h21v02,VNP46A4.A2024001.h21v02.002.2025162070204.h5,169491313,https://ladsweb.modaps.eosdis.nasa.gov/api/v2/content/archives/VNP46A4.A2024001.h21v02.002.2025162070204.h5,42f145cbf683675595a387305190ed06,Online
2024,h21v05,VNP46A4.A2024001.h21v05.002.2025162070717.h5,121658255,https://ladsweb.modaps.eosdis.nasa.gov/api/v2/content/archives/VNP46A4.A2024001.h21v05.002.2025162070717.h5,d710204c046f15087c263ac47fc8d13e,Online
2024,h22v10,VNP46A4.A2024001.h22v10.002.2025162073917.h5,74534446,https://ladsweb.modaps.eosdis.nasa.gov/api/v2/content/archives/VNP46A4.A2024001.h22v10.002.2025162073917.h5,b78c79151f3b995c4a10b063560edf18,Online
2024,h23v11,VNP46A4.A2024001.h23v11.002.2025162075639.h5,71379218,https://ladsweb.modaps.eosdis.nasa.gov/api/v2/content/archives/VNP46A4.A2024001.h23v11.002.2025162075639.h5,1e1de517813266a77a181472f41ac7c3,Online
2025,h11v07,VNP46A4.A2025001.h11v07.002.2026076173826.h5,79246042,https://ladsweb.modaps.eosdis.nasa.gov/api/v2/content/archives/VNP46A4.A2025001.h11v07.002.2026076173826.h5,a10c1467ebfb67ee9689182ea2b1e33a,Online
2025,h12v08,VNP46A4.A2025001.h12v08.002.2026076174035.h5,76767626,https://ladsweb.modaps.eosdis.nasa.gov/api/v2/content/archives/VNP46A4.A2025001.h12v08.002.2026076174035.h5,ad1e7ffde8846c01ecc9bfa3abb2232e,Online
2025,h14v05,VNP46A4.A2025001.h14v05.002.2026076173859.h5,70209579,https://ladsweb.modaps.eosdis.nasa.gov/api/v2/content/archives/VNP46A4.A2025001.h14v05.002.2026076173859.h5,5bd40644aec9be79d67816b6bc9087bc,Online
2025,h15v02,VNP46A4.A2025001.h15v02.002.2026076173948.h5,123771337,https://ladsweb.modaps.eosdis.nasa.gov/api/v2/content/archives/VNP46A4.A2025001.h15v02.002.2026076173948.h5,6c2833584290f7e0df417e2b71785682,Online
2025,h15v05,VNP46A4.A2025001.h15v05.002.2026076173948.h5,70738879,https://ladsweb.modaps.eosdis.nasa.gov/api/v2/content/archives/VNP46A4.A2025001.h15v05.002.2026076173948.h5,977bb090b2eb5d68150a3e65d727ef64,Online
2025,h16v02,VNP46A4.A2025001.h16v02.002.2026076174007.h5,110311581,https://ladsweb.modaps.eosdis.nasa.gov/api/v2/content/archives/VNP46A4.A2025001.h16v02.002.2026076174007.h5,81bd06132665b79282c24952983caccf,Online
2025,h16v03,VNP46A4.A2025001.h16v03.002.2026076174001.h5,69538257,https://ladsweb.modaps.eosdis.nasa.gov/api/v2/content/archives/VNP46A4.A2025001.h16v03.002.2026076174001.h5,dab59438a86cf0972a6f7e6d2d7c67e6,Online
2025,h16v05,VNP46A4.A2025001.h16v05.002.2026076174053.h5,70945724,https://ladsweb.modaps.eosdis.nasa.gov/api/v2/content/archives/VNP46A4.A2025001.h16v05.002.2026076174053.h5,771c194269fcf435fe8421e61301b2f9,Online
2025,h16v06,VNP46A4.A2025001.h16v06.002.2026076174109.h5,73284066,https://ladsweb.modaps.eosdis.nasa.gov/api/v2/content/archives/VNP46A4.A2025001.h16v06.002.2026076174109.h5,a9a2bf3c983b772c108ac8e4e5944d0e,Online
2025,h17v03,VNP46A4.A2025001.h17v03.002.2026076174114.h5,102991176,https://ladsweb.modaps.eosdis.nasa.gov/api/v2/content/archives/VNP46A4.A2025001.h17v03.002.2026076174114.h5,67a7b7afd9ef3f459686f376c8a5dbb8,Online
2025,h17v04,VNP46A4.A2025001.h17v04.002.2026076174047.h5,94073005,https://ladsweb.modaps.eosdis.nasa.gov/api/v2/content/archives/VNP46A4.A2025001.h17v04.002.2026076174047.h5,74f3fd801e6338ba583d2351b71fd80f,Online
2025,h17v05,VNP46A4.A2025001.h17v05.002.2026076174114.h5,102861548,https://ladsweb.modaps.eosdis.nasa.gov/api/v2/content/archives/VNP46A4.A2025001.h17v05.002.2026076174114.h5,4d76bf3fdba55aa59f2e12ee4ba088d9,Online
2025,h18v02,VNP46A4.A2025001.h18v02.002.2026076173946.h5,103808376,https://ladsweb.modaps.eosdis.nasa.gov/api/v2/content/archives/VNP46A4.A2025001.h18v02.002.2026076173946.h5,ddeb6e3b62d3fde05cc432e9b39f49bf,Online
2025,h18v03,VNP46A4.A2025001.h18v03.002.2026076174012.h5,107741633,https://ladsweb.modaps.eosdis.nasa.gov/api/v2/content/archives/VNP46A4.A2025001.h18v03.002.2026076174012.h5,30e910892701d9d780a0a44daa8b8d97,Online
2025,h18v04,VNP46A4.A2025001.h18v04.002.2026076174006.h5,117061229,https://ladsweb.modaps.eosdis.nasa.gov/api/v2/content/archives/VNP46A4.A2025001.h18v04.002.2026076174006.h5,adeb6108838e577f1a48c74a1595c70f,Online
2025,h18v05,VNP46A4.A2025001.h18v05.002.2026076173955.h5,95680413,https://ladsweb.modaps.eosdis.nasa.gov/api/v2/content/archives/VNP46A4.A2025001.h18v05.002.2026076173955.h5,42b41a127155b5b06907fdfe7b12677b,Online
2025,h19v01,VNP46A4.A2025001.h19v01.002.2026076173941.h5,117079727,https://ladsweb.modaps.eosdis.nasa.gov/api/v2/content/archives/VNP46A4.A2025001.h19v01.002.2026076173941.h5,ac198ace38a8d651106e908c9c70f016,Online
2025,h19v02,VNP46A4.A2025001.h19v02.002.2026076174010.h5,159479828,https://ladsweb.modaps.eosdis.nasa.gov/api/v2/content/archives/VNP46A4.A2025001.h19v02.002.2026076174010.h5,18321cada35153d9f5a34225962eb974,Online
2025,h19v03,VNP46A4.A2025001.h19v03.002.2026076173955.h5,133944979,https://ladsweb.modaps.eosdis.nasa.gov/api/v2/content/archives/VNP46A4.A2025001.h19v03.002.2026076173955.h5,bfef34f0782a86d61a1c384c20230354,Online
2025,h19v04,VNP46A4.A2025001.h19v04.002.2026076174004.h5,141304524,https://ladsweb.modaps.eosdis.nasa.gov/api/v2/content/archives/VNP46A4.A2025001.h19v04.002.2026076174004.h5,bf444b854295df122e99af05ec8557a7,Online
2025,h19v05,VNP46A4.A2025001.h19v05.002.2026076174033.h5,84635683,https://ladsweb.modaps.eosdis.nasa.gov/api/v2/content/archives/VNP46A4.A2025001.h19v05.002.2026076174033.h5,ff316a906aed843a41747dd6359b71dd,Online
2025,h20v01,VNP46A4.A2025001.h20v01.002.2026076194544.h5,130694965,https://ladsweb.modaps.eosdis.nasa.gov/api/v2/content/archives/VNP46A4.A2025001.h20v01.002.2026076194544.h5,99da12b155a93e6e5b5239453f45d7b1,Online
2025,h20v02,VNP46A4.A2025001.h20v02.002.2026076194841.h5,185814570,https://ladsweb.modaps.eosdis.nasa.gov/api/v2/content/archives/VNP46A4.A2025001.h20v02.002.2026076194841.h5,798ed538940d2a6c427d931665cfab85,Online
2025,h20v03,VNP46A4.A2025001.h20v03.002.2026076194940.h5,134024999,https://ladsweb.modaps.eosdis.nasa.gov/api/v2/content/archives/VNP46A4.A2025001.h20v03.002.2026076194940.h5,e59e2b5ccf7dd7afc8653773538bc255,Online
2025,h20v04,VNP46A4.A2025001.h20v04.002.2026076195059.h5,138115396,https://ladsweb.modaps.eosdis.nasa.gov/api/v2/content/archives/VNP46A4.A2025001.h20v04.002.2026076195059.h5,a6888af9d4ad8fad5fd041cdc6eeb0e8,Online
2025,h20v05,VNP46A4.A2025001.h20v05.002.2026076195129.h5,98896518,https://ladsweb.modaps.eosdis.nasa.gov/api/v2/content/archives/VNP46A4.A2025001.h20v05.002.2026076195129.h5,1c664e7ab7617d6200fb70dc2ef0ad85,Online
2025,h21v01,VNP46A4.A2025001.h21v01.002.2026076221130.h5,112594256,https://ladsweb.modaps.eosdis.nasa.gov/api/v2/content/archives/VNP46A4.A2025001.h21v01.002.2026076221130.h5,5c7f3b6de59ae1818cf27b9e1cecdcf0,Online
2025,h21v02,VNP46A4.A2025001.h21v02.002.2026076221750.h5,165667133,https://ladsweb.modaps.eosdis.nasa.gov/api/v2/content/archives/VNP46A4.A2025001.h21v02.002.2026076221750.h5,d3939a6688f242b9e7984b2c131327b9,Online
2025,h21v05,VNP46A4.A2025001.h21v05.002.2026076222734.h5,127637401,https://ladsweb.modaps.eosdis.nasa.gov/api/v2/content/archives/VNP46A4.A2025001.h21v05.002.2026076222734.h5,7bb765667c673664b0c20ea13bdf227f,Online
2025,h22v10,VNP46A4.A2025001.h22v10.002.2026076235632.h5,74155176,https://ladsweb.modaps.eosdis.nasa.gov/api/v2/content/archives/VNP46A4.A2025001.h22v10.002.2026076235632.h5,c8ca03917e6a73a80a376451ec45c286,Online
2025,h23v11,VNP46A4.A2025001.h23v11.002.2026077000236.h5,71433216,https://ladsweb.modaps.eosdis.nasa.gov/api/v2/content/archives/VNP46A4.A2025001.h23v11.002.2026077000236.h5,3b6ef7145a2bfa584b8a81d6a023ca6a,Online
