year,status,n_countries,min_qa0_coverage,min_qa01_coverage,max_qa1_share,max_qa2_share,error
2012,success,36,0.7268498485885325,0.9462585678364112,0.26355562894095025,0.010998356208612505,
2013,success,36,0.8271698884073887,0.9462090787010311,0.16374795622625074,0.013011592359858867,
2014,success,36,0.7913382661105139,0.9462376585668718,0.18670253412985835,0.014030984794852657,
2015,success,36,0.727622729172342,0.9462302283016495,0.25118449441651924,0.013321402167933155,
2016,success,36,0.8823824084473049,0.946285622374683,0.06556785640123111,0.011827236423220654,
2017,success,36,0.8164139424763052,0.9462090491480973,0.1749303921091937,0.0075193860799991,
2018,success,36,0.8637786180996971,0.9462691305375928,0.0824905124378958,0.010672881749745481,
2019,success,36,0.7653676773556297,0.9462550482262988,0.2246060721044232,0.010827063928943581,
2020,success,36,0.8298126687849967,0.9462552434084961,0.14777171095517513,0.014513347265785102,
2021,success,36,0.7693865227271195,0.9463009844223778,0.20920636175232538,0.014528356693667085,
2022,success,36,0.7154062260287656,0.9463598394649411,0.264864826644062,0.011937106755697244,
2023,success,36,0.7379843739273795,0.9461455662086916,0.25110226795947205,0.013104697697781175,
2024,success,36,0.8399541581701809,0.9462660302151525,0.1177978968255627,0.011807422740559717,
2025,success,36,0.666797024642909,0.9463816856028596,0.32460909569225643,0.013883443470444881,
