CNTR_ID,NAME_ENGL,year,country_area_km2,n_valid_pixels,valid_ntl_area_km2,ntl_mean,ntl_median,ntl_std,ntl_p25,ntl_p75,ntl_p90,ntl_p95,ntl_iqr,ntl_cv,ntl_mean_area_weighted,ntl_sum_area_weighted,lit_area_km2,lit_area_share_valid,ntl_positive_mean,mean_n_observations,ntl_coverage_share,water_km2,qa0_km2,qa1_km2,qa2_km2,invalid_radiance_km2,water_share,qa0_share,qa1_share,qa2_share,invalid_radiance_share,valid_ntl_area_km2_qa01,ntl_mean_area_weighted_qa01,ntl_sum_area_weighted_qa01,ntl_coverage_share_qa01
AL,Albania,2025,28806.031028801277,175799,28456.528365999755,1.0584845542907715,0.0,5.680088996887207,0.0,0.6131443977355957,1.5048084259033203,3.4566352367401123,0.6131443977355957,5.366246700286865,1.058510623997213,30121.537597488794,9613.27135526481,0.3378230552800276,3.1346211433410645,53.72616958618164,0.9878670316486129,331.32404557775715,28456.52836599976,17.1885800854249,0.1639231714260578,0.0,0.011501898517240636,0.987867031648613,0.0005967007418772532,5.690585116087728e-06,0.0,28473.716946085187,1.0582944168377715,30133.575670660994,0.9884637323904903
AT,Austria,2025,83938.43005503461,576556,83706.61931868379,0.663465142250061,0.0,3.5985116958618164,0.0,0.0,1.0887959003448486,2.7066802978515625,0.0,5.423814296722412,0.6604594307570126,55284.82614581186,18109.755529232432,0.21634795045641309,3.05570125579834,30.13983726501465,0.9972383241359312,196.33517045523502,83706.61931868376,35.92885055304767,0.14650330523586272,0.0,0.0023390379153685266,0.9972383241359308,0.00042803815284001327,1.745366277875428e-06,0.0,83742.54816923683,0.66043568528232,55306.56718743762,0.9976663622887711
BA,Bosnia and Herzegovina,2025,51232.67273473021,331717,51176.397105881995,0.7242291569709778,0.0,3.3299248218536377,0.0,0.5902371406555176,1.3997290134429932,2.821565866470337,0.5902371406555176,4.597888469696045,0.7232867844626382,37015.21170309645,15643.00375232545,0.30566832831081636,2.3631396293640137,38.390140533447266,0.998901567577011,48.68504460952926,51176.397105881995,7.547411655586958,0.0,0.0,0.000950273370698579,0.998901567577011,0.00014731637552203343,0.0,0.0,51183.944517537566,0.7233043920503068,37021.57187199414,0.9990488839525327
BE,Belgium,2025,30674.885636950738,206184,28173.241927197883,4.027708530426025,0.9772177934646606,12.52578067779541,0.0,3.584465265274048,9.456562042236328,16.528291702270508,3.584465265274048,3.1099023818969727,4.002222997251904,112755.59674817292,20323.13851691691,0.7213631490984842,5.563663482666016,27.247173309326172,0.9184465187788869,6.057180360840321,28173.241927197887,2495.6289045009416,0.0,0.0,0.0001974638286358886,0.918446518778887,0.08135739881927141,0.0,0.0,30668.870831698827,3.7387318962988734,114662.68560194256,0.9998039175981583
BG,Bulgaria,2025,110992.249016193,702313,110870.68671377008,0.6403107643127441,0.0,3.4867939949035645,0.0,0.0,1.0006003379821777,2.255326271057129,0.0,5.445471286773682,0.6406681540503003,71031.31819520023,27566.475255459627,0.2486362813520473,2.5768630504608154,48.26693344116211,0.998904767643683,101.20325916884184,110870.68671377008,16.92151066204715,0.0,0.0,0.0009118047437175273,0.998904767643683,0.00015245668785014366,0.0,0.0,110887.60822443207,0.6406947470221305,71045.10809924162,0.9990572243315327
CH,Switzerland,2025,41286.33871349311,272503,40146.72383554649,0.8820250630378723,0.0,3.4074313640594482,0.0,0.5684959292411804,1.8181633949279785,4.2270121574401855,0.5684959292411804,3.8631911277770996,0.8796653733725169,35315.682812479325,11333.163129771798,0.2822935982571323,3.115175247192383,24.706274032592773,0.9723972889469568,885.1160699204154,40146.723835546494,231.9131614473085,24.6191904149785,0.0,0.02143847329410064,0.9723972889469569,0.005617188849238287,0.0005963035517831595,0.0,40378.636996993795,0.8761517054259388,35377.81166769102,0.978014477796195
CY,Cyprus,2025,9290.702138711364,52770,9272.660069773576,2.733555316925049,0.6242020130157471,7.5161285400390625,0.0,1.6956775188446045,6.462974548339844,13.957690238952637,1.6956775188446045,2.749579906463623,2.7350226378484055,25360.935203903704,5443.565563312648,0.5870554428127086,4.657724380493164,67.62628173828125,0.9980580510850077,14.218763510653018,9272.660069773576,3.871656161197186,0.0,0.0,0.001530429379649145,0.9980580510850077,0.00041672374201571284,0.0,0.0,9276.531725934772,2.734243316892527,25364.29487557865,0.9984747748270233
CZ,Czechia,2025,78872.44082613155,555290,77306.4887303892,1.0849536657333374,0.0,4.639461040496826,0.0,0.6466072797775269,1.8718832731246948,4.336396217346191,0.6466072797775269,4.276183605194092,1.082698154551819,83699.59268327338,26504.471660515606,0.34284924973052994,3.163038730621338,30.489240646362305,0.9801457634714973,31.488175036556722,77306.48873038922,1530.757989251181,0.0,0.0,0.0003992291186470325,0.9801457634714974,0.019408021017450486,0.0,0.0,78837.24671964034,1.0735851074930336,84638.49399395988,0.9995537844889473
DE,Germany,2025,357723.99232097476,2559622,346207.2718545684,1.1384838819503784,0.0,4.855775833129883,0.0,0.6042218208312988,2.279271125793457,5.763354778289795,0.6042218208312988,4.265124797821045,1.1444263123089389,396208.71142306196,107026.02833615059,0.30913859134971927,3.7152092456817627,31.602888107299805,0.9678055687803216,866.8135487123827,346207.27185456833,10655.235922379043,0.0,0.0,0.002423135063120445,0.9678055687803214,0.029786193129641765,0.0,0.0,356862.5077769477,1.1286200983079513,402762.1986096407,0.9975917619099641
DK,Denmark,2025,43354.22326166931,342363,41325.230152828895,0.9523867964744568,0.0,8.203885078430176,0.0,0.0,0.8934089541435242,4.745635509490967,0.0,8.614026069641113,0.9557159067883936,39495.179808749934,8700.383586699154,0.2105344254472004,4.531597137451172,33.577213287353516,0.9531996433981945,339.2701913181314,41325.230152828895,1691.7630657646705,0.0,0.0,0.007825539608227506,0.9531996433981945,0.03902187465229958,0.0,0.0,43016.99321859357,0.9371764627668224,40314.51354346591,0.9922215180504942
EE,Estonia,2025,45355.78655422221,382323,42901.68192674545,0.44428515434265137,0.0,12.989768981933594,0.0,0.0,0.0,0.6319679617881775,0.0,29.237459182739258,0.44002268268225075,18877.713172987165,3015.042141168774,0.07027794729159928,6.2769455909729,22.106136322021484,0.9458921382712012,1733.0368594029815,42901.68192674545,719.0242641864453,0.0,0.0,0.03820982924265154,0.9458921382712012,0.015852977509867715,0.0,0.0,43620.70619093189,0.4393724137190924,19165.7349672411,0.9617451157810688
EL,Greece,2025,132173.82175444538,786910,131243.62990901835,1.5623637437820435,0.0,7.5486602783203125,0.0,0.7662486433982849,2.4827094078063965,5.725653648376465,0.7662486433982849,4.831563949584961,1.5675195484160602,205726.95548746898,55359.36458161546,0.42180610685632575,3.7022507190704346,53.99892807006836,0.9929623594666487,695.4111508368115,131243.6299090184,211.480035880502,30.033947311496256,0.0,0.005261337998751049,0.9929623594666491,0.0016000145344468662,0.00022723067936473683,0.0,131455.10994489887,1.5658733397101698,205842.05203138635,0.9945623740010957
ES,Spain,2025,506158.77476614615,3084955,505699.96973188594,1.514349102973938,0.0,8.023086547851562,0.0,0.6047747135162354,1.7140450477600098,4.827762603759766,0.6047747135162354,5.2980427742004395,1.5236285568516985,770498.915082541,163341.43647416757,0.32300068469604337,4.687968730926514,54.65266799926758,0.9990935551112945,296.1649581708355,505699.9697318861,133.80845394026707,31.517282271307714,0.0,0.0005851226392502406,0.9990935551112948,0.0002643606326929506,6.226758053511811e-05,0.0,505833.77818582614,1.52337341669,770573.7309521536,0.9993579157439874
FI,Finland,2025,337969.82290811115,2872269,273830.6593005103,1.0024213790893555,0.0,43.74380111694336,0.0,0.6338387727737427,0.8737201690673828,0.9721795320510864,0.6338387727737427,43.63813781738281,1.0196013888019815,279198.1205193625,104465.60766646444,0.38149711918058316,2.4931530952453613,14.254188537597656,0.810222217310096,8946.163112069513,273830.6593005102,55191.44980698746,0.0,0.0,0.026470301505296934,0.8102222173100957,0.16330289293903372,0.0,0.0,329022.10910749756,0.871794567564928,286839.6873286714,0.9735251102491291
FR,France,2025,638487.3356761816,4119778,636331.3363003891,0.6631371378898621,0.0,4.048752307891846,0.0,0.0,0.7837074995040894,2.1181640625,0.0,6.105452537536621,0.6362463588917276,404863.49576983,101010.43808008761,0.158738745552528,4.026401519775391,37.8772087097168,0.9966232699455047,1225.986631234017,636331.33630039,822.122071076275,90.60643317357146,0.0,0.0019201424409391802,0.9966232699455059,0.0012876090489807718,0.00014190795668267393,0.0,637153.4583714657,0.6362166097647192,405367.61318496004,0.9979108789944858
HR,Croatia,2025,56449.08572682732,370356,56291.88650725971,1.1014306545257568,0.0,4.944915294647217,0.0,0.6909494400024414,1.89344322681427,4.1692280769348145,0.6909494400024414,4.489538669586182,1.1009557598258735,61974.87668163195,20559.141367677857,0.3652238829307388,3.0159435272216797,40.113616943359375,0.9972152034431817,112.80203137423516,56291.88650725971,43.81746548433137,0.0,0.0,0.001998296870920377,0.9972152034431817,0.0007762298524439556,0.0,0.0,56335.70397274405,1.1007096696002958,62009.25410653917,0.9979914332956259
HU,Hungary,2025,93030.5664036969,631991,92478.51368330051,0.829351007938385,0.0,4.162698268890381,0.0,0.5180596113204956,1.3232253789901733,3.162917137145996,0.5180596113204956,5.019223690032959,0.8270040157500395,76480.1021866845,24126.742506412218,0.26089024948039313,3.1734275817871094,37.60924530029297,0.9940658996098034,525.9422078550017,92478.51368330052,31.492134663155323,0.0,0.0,0.005653434437588263,0.9940658996098036,0.0003385138442186661,0.0,0.0,92510.00581796368,0.8269934440154432,76505.16831728647,0.9944044134540223
IE,Ireland,2025,69857.16003224441,520634,67250.16838673042,0.5689864158630371,0.0,4.1282219886779785,0.0,0.0,0.6622639894485474,0.9538164138793945,0.0,7.255396366119385,0.5698766866783829,38324.303138793264,12049.21517363842,0.17917003723095407,3.17997407913208,29.998600006103516,0.9626811103641966,446.89709663684704,67250.16838673042,2158.4709420040226,0.0,0.0,0.006397298379014691,0.9626811103641966,0.030898349446323376,0.0,0.0,69408.63932873445,0.5670519718588026,39358.30579539531,0.99357945981052
IS,Iceland,2025,102596.88965725467,966839,88336.99178622519,0.7363019585609436,0.6699024438858032,8.124472618103027,0.5344079732894897,0.7939977049827576,0.8936217427253723,0.942980945110321,0.2595897316932678,11.034158706665039,0.7355112531710101,64972.851530043714,70545.25198620938,0.7985924193222282,0.917008101940155,13.380107879638672,0.8610104271321722,801.0630858658781,88336.99178622526,12039.690745109277,1424.3981177999663,0.0,0.0078078691132059536,0.861010427132173,0.11734947117139966,0.013883443470444881,0.0,100376.68253133453,0.6577489021427491,66022.65273571655,0.9783598983035726
IT,Italy,2025,300884.01575266925,1899810,299488.81240879156,3.3222250938415527,0.7660356760025024,8.935291290283203,0.0,2.1809170246124268,7.786446571350098,16.188308715820312,2.1809170246124268,2.6895501613616943,3.314126341821687,992543.7622848698,205708.61133366477,0.6868657619600155,4.8464035987854,45.9180793762207,0.9953629861646603,1173.0569319147794,299488.8124087916,185.69340565693452,20.586394318577767,0.0,0.003898701394889146,0.9953629861646606,0.0006171594233492849,6.841970075106969e-05,0.0,299674.50581444835,3.312489327182436,992668.602139031,0.9959801455880091
LI,Liechtenstein,2025,160.43897607870147,1101,161.19155134001443,1.586984395980835,0.6227090358734131,3.1098616123199463,0.0,1.726949691772461,4.585663318634033,6.423644065856934,1.726949691772461,1.9596043825149536,1.5862952120809388,255.6973861185637,92.63915499044799,0.5747147057046228,2.7602999210357666,28.05449676513672,1.0046907259053048,0.0,161.19155134001443,0.0,0.0,0.0,0.0,1.0046907259053048,0.0,0.0,0.0,161.19155134001443,1.5862952120809388,255.6973861185637,1.0046907259053048
LT,Lithuania,2025,64909.67875465196,520877,63877.76885555742,0.37664076685905457,0.0,9.137032508850098,0.0,0.0,0.0,0.6857841610908508,0.0,24.25927734375,0.3787558575745651,24194.079122836498,4934.264844722344,0.0772454162555344,4.897119998931885,28.456892013549805,0.9841023724212995,103.40829618552351,63877.76885555742,927.351966578938,0.0,0.0,0.0015931105833444357,0.9841023724212995,0.014286805671680763,0.0,0.0,64805.12082213638,0.38054625791913593,24661.346222861477,0.9983891780929806
LU,Luxembourg,2025,2594.8175138114143,18416,2561.559577271296,3.3624751567840576,0.8063457012176514,8.694815635681152,0.0,2.36395001411438,8.087841033935547,15.53794002532959,2.36395001411438,2.5858378410339355,3.371698413756118,8636.80636342742,1834.4493274447534,0.716145485633757,4.700421333312988,28.543277740478516,0.9871829381591974,0.0,2561.5595772712963,34.69527312197494,0.0,0.0,0.0,0.9871829381591977,0.013370987723530727,0.0,0.0,2596.254850393271,3.3326323343008375,8652.362862506,1.0005539258827283
LV,Latvia,2025,64610.90708806681,540319,63728.16467665694,0.2607530653476715,0.0,5.5591044425964355,0.0,0.0,0.0,0.0,0.0,21.319421768188477,0.2605132023414558,16602.028259259547,3080.0273548084147,0.048330708571882056,5.393119812011719,26.024728775024414,0.9863375635601794,215.60669294717172,63728.16467665694,662.9323584387969,0.0,0.0,0.0033370014857289133,0.9863375635601794,0.010260378445626805,0.0,0.0,64391.097035095765,0.262197591009148,16883.190525038404,0.9965979420058066
ME,Montenegro,2025,13885.120262202183,86718,13682.523346749169,0.8221147656440735,0.0,4.356363773345947,0.0,0.5184524655342102,1.2091625928878784,3.009751796722412,0.5184524655342102,5.2989726066589355,0.8263876162624817,11307.067852975799,3627.8070701508514,0.26514166855142124,3.113738536834717,42.25459671020508,0.9854090629661654,195.41146237339734,13682.523346749169,6.513123309517384,0.0,0.0,0.014073443994960765,0.9854090629661654,0.00046907215685032907,0.0,0.0,13689.036470058683,0.8263899061304821,11312.481563508542,0.9858781351230155
MK,North Macedonia,2025,25422.523369280378,155635,25014.23190608038,0.6866527795791626,0.0,3.4457552433013916,0.0,0.5178844928741455,1.0611015558242798,2.478990077972412,0.5178844928741455,5.018191814422607,0.6853881268929287,17144.457551773765,6707.7290500626505,0.26815650687367926,2.558651924133301,52.447021484375,0.9839397742989839,401.84366986793924,25014.23190608038,7.754876279162646,0.0,0.0,0.015806600471199174,0.9839397742989839,0.0003050395968377139,0.0,0.0,25021.986782359534,0.6854232983762645,17150.652712292165,0.9842448138958213
MT,Malta,2025,308.51870128284503,1769,307.5551273740034,19.557470321655273,9.943402290344238,24.70533561706543,3.758507490158081,25.434659957885742,51.06549835205078,67.42658233642578,21.6761531829834,1.2632173299789429,19.563618243194455,6016.891100682047,305.47243222067505,0.9932282216488764,19.6910457611084,58.523460388183594,0.9968767730940296,0.521260053091526,307.5551273740034,0.8685828254961968,0.0,0.0,0.0016895573944920865,0.9968767730940296,0.002815332820618527,0.0,0.0,308.4237101994996,19.51110540545393,6017.687519243613,0.9996921059146482
NL,Netherlands,2025,37374.240489679774,245760,32416.741006387332,5.548536777496338,0.8846021890640259,42.70405197143555,0.0,3.788024425506592,13.515544891357422,22.485748291015625,3.788024425506592,7.696453094482422,5.577120828606529,180792.08146226616,23582.330263644308,0.7274738154275808,7.657967567443848,29.659420013427734,0.8673551778353498,1998.6173830273408,32416.741006387332,2953.5557063624715,0.0,0.0,0.05347579928959956,0.8673551778353498,0.07902650776751016,0.0,0.0,35370.29671274979,5.176337286943323,183088.58572445557,0.9463816856028596
NO,Norway,2025,322124.3279995564,2132334,214791.5434752007,0.8038262128829956,0.0,8.936321258544922,0.0,0.5342599153518677,0.8815352320671082,1.9039610624313354,0.5342599153518677,11.117230415344238,0.7646130985164782,164232.42759171006,55386.18154610597,0.2578601589708336,2.8874900341033936,12.501068115234375,0.666797024642909,2760.3481748176114,214791.54347520077,104564.4868124118,6.481397848209857,0.0,0.008569201189987156,0.6667970246429092,0.32460909569225643,2.0120795869285548e-05,0.0,319356.0302876125,0.5921866095387539,189118.36481177688,0.9914061203351655
PL,Poland,2025,311937.61106153886,2257086,298532.3063324418,1.1608538627624512,0.0,6.826513767242432,0.0,0.5663678050041199,1.7412257194519043,4.822624683380127,0.5663678050041199,5.880597114562988,1.1701255734717562,349320.28614709445,87889.89371302686,0.2944066415885783,3.974850654602051,30.910594940185547,0.9570256863753038,429.04465935434627,298532.3063324417,12978.907905932021,0.0,0.0,0.0013754181738274086,0.9570256863753035,0.04160738380269108,0.0,0.0,311511.21423837385,1.1470115251248962,357306.9529370655,0.9986330701779951
PT,Portugal,2025,91955.42557078946,553740,91647.32332202094,2.1840291023254395,0.5678714513778687,7.457608222961426,0.0,1.461592435836792,4.36575984954834,8.60837459564209,1.461592435836792,3.4146103858947754,2.1809528699622382,199878.49282351873,51284.48092232594,0.5595851473166086,3.8838369846343994,55.507869720458984,0.9966494391510228,89.83910694268465,91647.32332202097,53.86389840710569,0.0,0.0,0.000976985385963163,0.9966494391510231,0.0005857609605171147,0.0,0.0,91701.1872204281,2.1801661549154314,199923.8247435408,0.9972352001115404
RO,Romania,2025,238379.2528475871,1585221,237579.4197094756,0.7031794786453247,0.0,3.762063980102539,0.0,0.538898766040802,1.3054312467575073,2.5555436611175537,0.538898766040802,5.350076675415039,0.7060154601632161,167734.74333149527,65260.5859687977,0.2746895587530339,2.563471555709839,38.12862777709961,0.9966447032258177,752.1078688440662,237579.4197094756,50.03997984595084,0.0,0.0,0.0031550894629447574,0.9966447032258177,0.0002099175127373395,0.0,0.0,237629.45968932167,0.7060378143142962,167775.38433573584,0.9968546207385555
RS,Serbia,2025,88404.65526586243,571423,88350.43526984313,1.3197342157363892,0.0,5.809246063232422,0.0,0.8208414316177368,2.3688485622406006,4.917737007141113,0.8208414316177368,4.401830196380615,1.3176471212032077,116414.69669035915,38589.410370745645,0.43677668653113544,3.0250117778778076,41.99384307861328,0.9993866839268108,40.60579096474409,88350.43526984313,14.711261917737009,0.0,0.0,0.0004593173384662704,0.9993866839268108,0.00016640822673303022,0.0,0.0,88365.14653176084,1.3175623610472877,116426.59109867636,0.9995530921535436
SE,Sweden,2025,449648.2637822119,3793653,381500.45152152283,0.613074779510498,0.0,4.816509246826172,0.0,0.5522446632385254,0.8269667029380798,0.9513774514198303,0.5522446632385254,7.856316089630127,0.6267951039093226,239122.61515288637,102278.1629672404,0.26809447422494137,2.122485637664795,17.73207664489746,0.8484419539676091,12017.158834151724,381500.4515215227,56122.530499086795,4.7170615609340665,0.0,0.026725687169498913,0.8484419539676089,0.12481429379269184,1.0490558823148898e-05,0.0,437622.9820206089,0.568558477185876,248814.25623917943,0.9732562477602994
SI,Slovenia,2025,20258.27210586369,135805,20256.764473403433,0.8030252456665039,0.0,3.5127482414245605,0.0,0.6211361885070801,1.5821731090545654,3.345118522644043,0.6211361885070801,4.374393463134766,0.8030443376879417,16267.080010244887,6557.552976347925,0.3237216380216006,2.480323076248169,36.04820251464844,0.999925579415047,0.8954185984115599,20256.764473403433,1.6336376744177343,0.0,0.0,4.420014667254785e-05,0.999925579415047,8.06405238255677e-05,0.0,0.0,20258.39811107785,0.8030485951773634,16268.478143644821,1.0000062199388726
SK,Slovakia,2025,49015.97868620539,344505,48950.375805480864,0.736499547958374,0.0,3.601409435272217,0.0,0.0,1.1859897375106812,2.724708080291748,0.0,4.889900207519531,0.7387597698926185,36162.56836621424,12129.198676656268,0.24778560893700408,2.978444814682007,34.73942565917969,0.9986616021452003,51.75249105286073,48950.37580548086,12.65369940431309,0.0,0.0,0.0010558289855676284,0.9986616021452002,0.0002581545802710705,0.0,0.0,48963.02950488515,0.7387612679240364,36171.98975843096,0.9989197567254708
